graph_type,num_nodes,random_seed_id,,,,,,,,,,,,,,,,,,,,,,,,,,,,,,,,,,,,,
powerlaw,20,0,,,,,,,,,,,,,,,,,,,,,,,,,,,,,,,,,,,,,
powerlaw,20,1,,,,,,,,,,,,,,,,,,,,,,,,,,,,,,,,,,,,,
powerlaw,20,2,,,,,,,,,,,,,,,,,,,,,,,,,,,,,,,,,,,,,
powerlaw,20,3,,,,,,,,,,,,,,,,,,,,,,,,,,,,,,,,,,,,,
powerlaw,20,4,,,,,,,,,,,,,,,,,,,,,,,,,,,,,,,,,,,,,
powerlaw,20,5,,,,,,,,,,,,,,,,,,,,,,,,,,,,,,,,,,,,,
powerlaw,20,6,,,,,,,,,,,,,,,,,,,,,,,,,,,,,,,,,,,,,
powerlaw,20,7,,,,,,,,,,,,,,,,,,,,,,,,,,,,,,,,,,,,,
powerlaw,20,8,,,,,,,,,,,,,,,,,,,,,,,,,,,,,,,,,,,,,
powerlaw,20,9,,,,,,,,,,,,,,,,,,,,,,,,,,,,,,,,,,,,,
powerlaw,20,10,,,,,,,,,,,,,,,,,,,,,,,,,,,,,,,,,,,,,
powerlaw,20,11,,,,,,,,,,,,,,,,,,,,,,,,,,,,,,,,,,,,,
powerlaw,20,12,,,,,,,,,,,,,,,,,,,,,,,,,,,,,,,,,,,,,
powerlaw,20,13,,,,,,,,,,,,,,,,,,,,,,,,,,,,,,,,,,,,,
powerlaw,20,14,,,,,,,,,,,,,,,,,,,,,,,,,,,,,,,,,,,,,
powerlaw,20,15,,,,,,,,,,,,,,,,,,,,,,,,,,,,,,,,,,,,,
powerlaw,20,16,,,,,,,,,,,,,,,,,,,,,,,,,,,,,,,,,,,,,
powerlaw,20,17,,,,,,,,,,,,,,,,,,,,,,,,,,,,,,,,,,,,,
powerlaw,20,18,,,,,,,,,,,,,,,,,,,,,,,,,,,,,,,,,,,,,
powerlaw,20,19,,,,,,,,,,,,,,,,,,,,,,,,,,,,,,,,,,,,,
powerlaw,20,20,,,,,,,,,,,,,,,,,,,,,,,,,,,,,,,,,,,,,
powerlaw,20,21,,,,,,,,,,,,,,,,,,,,,,,,,,,,,,,,,,,,,
powerlaw,20,22,,,,,,,,,,,,,,,,,,,,,,,,,,,,,,,,,,,,,
powerlaw,20,23,,,,,,,,,,,,,,,,,,,,,,,,,,,,,,,,,,,,,
powerlaw,20,24,,,,,,,,,,,,,,,,,,,,,,,,,,,,,,,,,,,,,
powerlaw,20,25,,,,,,,,,,,,,,,,,,,,,,,,,,,,,,,,,,,,,
powerlaw,20,26,,,,,,,,,,,,,,,,,,,,,,,,,,,,,,,,,,,,,
powerlaw,20,27,,,,,,,,,,,,,,,,,,,,,,,,,,,,,,,,,,,,,
powerlaw,20,28,,,,,,,,,,,,,,,,,,,,,,,,,,,,,,,,,,,,,
powerlaw,20,29,,,,,,,,,,,,,,,,,,,,,,,,,,,,,,,,,,,,,
powerlaw,40,0,,,,,,,,,,,,,,,,,,,,,,,,,,,,,,,,,,,,,
powerlaw,40,1,,,,,,,,,,,,,,,,,,,,,,,,,,,,,,,,,,,,,
powerlaw,40,2,,,,,,,,,,,,,,,,,,,,,,,,,,,,,,,,,,,,,
powerlaw,40,3,,,,,,,,,,,,,,,,,,,,,,,,,,,,,,,,,,,,,
powerlaw,40,4,,,,,,,,,,,,,,,,,,,,,,,,,,,,,,,,,,,,,
powerlaw,40,5,,,,,,,,,,,,,,,,,,,,,,,,,,,,,,,,,,,,,
powerlaw,40,6,,,,,,,,,,,,,,,,,,,,,,,,,,,,,,,,,,,,,
powerlaw,40,7,,,,,,,,,,,,,,,,,,,,,,,,,,,,,,,,,,,,,
powerlaw,40,8,,,,,,,,,,,,,,,,,,,,,,,,,,,,,,,,,,,,,
powerlaw,40,9,,,,,,,,,,,,,,,,,,,,,,,,,,,,,,,,,,,,,
powerlaw,40,10,,,,,,,,,,,,,,,,,,,,,,,,,,,,,,,,,,,,,
powerlaw,40,11,,,,,,,,,,,,,,,,,,,,,,,,,,,,,,,,,,,,,
powerlaw,40,12,,,,,,,,,,,,,,,,,,,,,,,,,,,,,,,,,,,,,
powerlaw,40,13,,,,,,,,,,,,,,,,,,,,,,,,,,,,,,,,,,,,,
powerlaw,40,14,,,,,,,,,,,,,,,,,,,,,,,,,,,,,,,,,,,,,
powerlaw,40,15,,,,,,,,,,,,,,,,,,,,,,,,,,,,,,,,,,,,,
powerlaw,40,16,,,,,,,,,,,,,,,,,,,,,,,,,,,,,,,,,,,,,
powerlaw,40,17,,,,,,,,,,,,,,,,,,,,,,,,,,,,,,,,,,,,,
powerlaw,40,18,,,,,,,,,,,,,,,,,,,,,,,,,,,,,,,,,,,,,
powerlaw,40,19,,,,,,,,,,,,,,,,,,,,,,,,,,,,,,,,,,,,,
powerlaw,40,20,,,,,,,,,,,,,,,,,,,,,,,,,,,,,,,,,,,,,
powerlaw,40,21,,,,,,,,,,,,,,,,,,,,,,,,,,,,,,,,,,,,,
powerlaw,40,22,,,,,,,,,,,,,,,,,,,,,,,,,,,,,,,,,,,,,
powerlaw,40,23,,,,,,,,,,,,,,,,,,,,,,,,,,,,,,,,,,,,,
powerlaw,40,24,,,,,,,,,,,,,,,,,,,,,,,,,,,,,,,,,,,,,
powerlaw,40,25,,,,,,,,,,,,,,,,,,,,,,,,,,,,,,,,,,,,,
powerlaw,40,26,,,,,,,,,,,,,,,,,,,,,,,,,,,,,,,,,,,,,
powerlaw,40,27,,,,,,,,,,,,,,,,,,,,,,,,,,,,,,,,,,,,,
powerlaw,40,28,,,,,,,,,,,,,,,,,,,,,,,,,,,,,,,,,,,,,
powerlaw,40,29,,,,,,,,,,,,,,,,,,,,,,,,,,,,,,,,,,,,,
powerlaw,100,0,,282,282,282,261,282,282,282,282,282,282,282,282,282,282,282,4SuqhIaQimYjyk_sX,,,,,,,,,,,,,,,,,,,,
powerlaw,100,1,,285,285,285,254,285,285,285,285,285,285,285,285,285,285,285,1jyZHYCDQ5yGOHchR,,,,,,,,,,,,,,,,,,,,
powerlaw,100,2,,280,280,280,257,280,280,280,280,280,280,280,280,280,280,280,EWcugFMRB629qGJ_l,,,,,,,,,,,,,,,,,,,,
powerlaw,100,3,,286,286,286,258,286,286,286,286,286,286,286,286,286,286,286,EeqbmUREAGO11quGc,,,,,,,,,,,,,,,,,,,,
powerlaw,100,4,,278,278,278,260,278,278,278,278,278,278,278,278,278,278,278,A8FyNoiyHHz3uVeZQ,,,,,,,,,,,,,,,,,,,,
powerlaw,100,5,,287,287,287,266,287,287,287,287,287,287,287,287,287,287,287,BZy2K7H$Xmy1uMhSQ,,,,,,,,,,,,,,,,,,,,
powerlaw,100,6,,282,282,282,263,282,282,282,282,282,282,282,282,282,282,282,0FVaoqlfhDimZypyr,,,,,,,,,,,,,,,,,,,,
powerlaw,100,7,,281,281,281,264,281,281,281,281,281,281,281,281,281,281,281,1wY3C7EdkRSGpt_rD,,,,,,,,,,,,,,,,,,,,
powerlaw,100,8,,282,282,282,258,282,282,282,282,282,282,282,282,282,282,282,9_AGnVnbWPAUO80dW,,,,,,,,,,,,,,,,,,,,
powerlaw,100,9,,280,286,286,262,286,286,286,286,286,286,286,286,286,286,286,CUeOQ0sCmsK$c0HT9,,,,,,,,,,,,,,,,,,,,
powerlaw,100,10,,283,283,283,254,283,283,283,283,283,283,283,283,283,283,283,CobrrgEWqSsH2MFav,,,,,,,,,,,,,,,,,,,,
powerlaw,100,11,,282,282,282,265,282,282,282,282,282,282,282,282,282,282,282,EP896$VSc0zE6sBPJ,,,,,,,,,,,,,,,,,,,,
powerlaw,100,12,,283,283,283,272,283,283,283,283,283,283,283,283,283,283,283,6IquTfB_XLQCvksau,,,,,,,,,,,,,,,,,,,,
powerlaw,100,13,,282,282,282,262,282,282,282,282,282,282,282,282,282,282,282,FJGYDkYXh0y9CyWeM,,,,,,,,,,,,,,,,,,,,
powerlaw,100,14,,281,281,281,264,281,281,281,281,281,281,281,281,281,281,281,55p$GXjpe4RwfQ5OI,,,,,,,,,,,,,,,,,,,,
powerlaw,100,15,,280,280,280,272,280,280,280,280,280,280,280,280,280,280,280,FHqobpF0XRNfZ2j_B,,,,,,,,,,,,,,,,,,,,
powerlaw,100,16,,282,282,282,259,282,282,282,282,282,282,282,282,282,282,282,AYXdsRjbEtEI4jjZ_,,,,,,,,,,,,,,,,,,,,
powerlaw,100,17,,281,281,281,266,281,281,281,281,281,281,281,281,281,281,281,FASNH1bCEvOXxMtL8,,,,,,,,,,,,,,,,,,,,
powerlaw,100,18,,284,278,284,275,284,284,284,284,284,284,284,284,284,284,284,0vQOrffA7ZDndlfEw,,,,,,,,,,,,,,,,,,,,
powerlaw,100,19,,284,284,284,267,284,284,284,284,284,284,284,284,284,284,284,7SHHCa4OzhtPiDJNE,,,,,,,,,,,,,,,,,,,,
powerlaw,100,20,,285,285,285,275,285,285,285,285,285,285,285,285,285,285,285,CTe9nrj$Hm5DBDZ2C,,,,,,,,,,,,,,,,,,,,
powerlaw,100,21,,286,286,286,263,286,286,286,286,286,286,286,286,286,286,286,8tbTCcOiqgIM3annD,,,,,,,,,,,,,,,,,,,,
powerlaw,100,22,,283,283,283,258,283,283,283,283,283,283,283,283,283,283,283,0oepvI_zM2tV5nqDW,,,,,,,,,,,,,,,,,,,,
powerlaw,100,23,,280,280,280,261,280,280,280,280,280,280,280,280,280,280,280,CMqr75CNKjjov3cas,,,,,,,,,,,,,,,,,,,,
powerlaw,100,24,,282,282,282,271,282,282,282,282,282,282,282,282,282,282,282,FH8y82ZTU23NvJPSW,,,,,,,,,,,,,,,,,,,,
powerlaw,100,25,,280,280,280,256,280,280,280,280,280,280,280,280,280,280,280,0RfiqyIgz_IypTtVq,,,,,,,,,,,,,,,,,,,,
powerlaw,100,26,,283,283,283,270,283,283,283,283,283,283,283,283,283,283,283,0vi5tu04NMxdf9ss9,,,,,,,,,,,,,,,,,,,,
powerlaw,100,27,,284,284,284,259,284,284,284,284,284,284,284,284,284,284,284,ES432fFkE9aj6r3EH,,,,,,,,,,,,,,,,,,,,
powerlaw,100,28,,285,285,285,273,285,285,285,285,285,285,285,285,285,285,285,0cNXlWJ$BYCyRxNNC,,,,,,,,,,,,,,,,,,,,
powerlaw,100,29,,285,285,285,276,285,285,285,285,285,285,285,285,285,285,285,B7qWzGFrHkBm4j7FA,,,,,,,,,,,,,,,,,,,,
powerlaw,200,0,,579,579,581,533,581,581,581,581,581,581,581,581,581,581,581,3os7C8SkYSkV9eIHy5$o8fMYDy0KcaRc6e,,,,,,,,,,,,,,,,,,,,
powerlaw,200,1,,575,577,577,540,577,577,577,577,577,577,577,577,577,577,577,0EsDrczt7s8ihkK2IsIZKhBQWP8gibBk2S,,,,,,,,,,,,,,,,,,,,
powerlaw,200,2,,575,578,578,530,578,578,578,578,578,578,578,578,578,578,578,0NPD1lNL3xXY0lIfVJcqgam3O9zr4bMkO$,,,,,,,,,,,,,,,,,,,,
powerlaw,200,3,,576,578,578,558,578,578,578,578,578,578,578,578,578,578,578,2Nk8bc7EyzsgvKV9meBOEJcwe35AO8yPgT,,,,,,,,,,,,,,,,,,,,
powerlaw,200,4,,582,585,585,544,585,585,585,585,585,585,585,585,585,585,585,3DW$Whm9b2DXWNkreX89FQNT70t$k46Oy6,,,,,,,,,,,,,,,,,,,,
powerlaw,200,5,,580,577,580,544,580,580,580,580,580,580,580,580,580,580,580,0gXf$KAywzz$DaElcSkyBcOdIXrj3FtBD0,,,,,,,,,,,,,,,,,,,,
powerlaw,200,6,,575,578,579,531,579,579,579,579,579,579,579,579,579,579,579,1Whtu$ZDp4zllkilZL6VCYqWXF6TrZQ9s7,,,,,,,,,,,,,,,,,,,,
powerlaw,200,7,,576,578,579,529,579,579,579,579,579,579,579,579,579,579,579,2bguQCjQktyduT6mZyqKnzy3gyA9ayZpeW,,,,,,,,,,,,,,,,,,,,
powerlaw,200,8,,576,573,576,540,576,576,576,576,576,576,576,576,576,576,576,3qbbAjdBnhWEQ7YykPAeWcaO0lZFBGRqWS,,,,,,,,,,,,,,,,,,,,
powerlaw,200,9,,574,572,574,544,574,574,574,574,574,574,574,574,574,574,574,2YuRykebYEfvKivYj5jvvK5ckYL4aJdgJE,,,,,,,,,,,,,,,,,,,,
powerlaw,200,10,,577,579,581,549,581,581,581,581,581,581,581,581,581,581,581,292xtsbkMMUWBFBDjvcm8SiMssMPMBr4yL,,,,,,,,,,,,,,,,,,,,
powerlaw,200,11,,580,579,580,537,580,580,580,580,580,580,580,580,580,580,580,0wR3Dghbr7ICE2jKlzD4GqJ2XOIEFPBdyC,,,,,,,,,,,,,,,,,,,,
powerlaw,200,12,,580,582,582,565,582,582,582,582,582,582,582,582,582,582,582,2FCbXYfoTjkJm5D$a$IdL4IIlTVwmJf2IQ,,,,,,,,,,,,,,,,,,,,
powerlaw,200,13,,571,575,575,545,575,575,575,575,575,575,575,575,575,575,575,2kJCzYsuVFOIiJ6G14OJ5$Ew8Ju_TXmCBm,,,,,,,,,,,,,,,,,,,,
powerlaw,200,14,,571,575,575,531,575,575,575,575,575,575,575,575,575,575,575,3qmvSz4ok9cp8v630U5IZpPrUIVYmahn1X,,,,,,,,,,,,,,,,,,,,
powerlaw,200,15,,575,575,575,534,575,575,575,575,575,575,575,575,575,575,575,1xGibzs5EJIhK1we2L8PIOLqbmn6ypv5so,,,,,,,,,,,,,,,,,,,,
powerlaw,200,16,,578,575,578,540,578,578,578,578,578,578,578,578,578,578,578,0SsAqTdLc699PfH$H0ZNd$qstnyuXOVTFD,,,,,,,,,,,,,,,,,,,,
powerlaw,200,17,,581,578,581,540,581,581,581,581,581,581,581,581,581,581,581,1nBTwj2oM8ntO$8oK0t78YUKjRSRqnNRMI,,,,,,,,,,,,,,,,,,,,
powerlaw,200,18,,581,578,581,537,581,581,581,581,581,581,581,581,581,581,581,1mKrEJmV6y9j7CtsjlqvhNzDRADL$7izaU,,,,,,,,,,,,,,,,,,,,
powerlaw,200,19,,577,579,580,546,580,580,580,580,580,580,580,580,580,580,580,2zH6XgAihlXuBy1cG0_ZtF7LoA4IDmksfF,,,,,,,,,,,,,,,,,,,,
powerlaw,200,20,,582,579,582,546,582,582,582,582,582,582,582,582,582,582,582,3KWUjAvsaVRKlYq2yDzpBbYfOp6FNuXYVU,,,,,,,,,,,,,,,,,,,,
powerlaw,200,21,,571,572,575,552,574,575,575,575,575,575,575,575,575,575,575,2RI40xNmyAN_bqtObowXKFkPtpSKsmYwEV,,,,,,,,,,,,,,,,,,,,
powerlaw,200,22,,581,578,581,556,581,581,581,581,581,581,581,581,581,581,581,2RLoPa61Q4oSLFachnGaVwlG9kQ0K8QzPl,,,,,,,,,,,,,,,,,,,,
powerlaw,200,23,,583,576,583,530,583,583,583,583,583,583,583,583,583,583,583,2smM0gpYFHju0ntOl1vxJuvJ8aSQqVIIoS,,,,,,,,,,,,,,,,,,,,
powerlaw,200,24,,578,578,578,548,578,578,578,578,578,578,578,578,578,578,578,0F1kSV$MqfAlZKFE2pcoSkQM$KTuFKQxFH,,,,,,,,,,,,,,,,,,,,
powerlaw,200,25,,580,579,580,538,580,580,580,580,580,580,580,580,580,580,580,3oGnUSGPW92Nv0zlSCdaBSBRJiCvzZKG5E,,,,,,,,,,,,,,,,,,,,
powerlaw,200,26,,572,579,580,545,580,580,580,580,580,580,580,580,580,580,580,2dheemBXOgOK7TQg1SLfXb4okJGpTPsjbT,,,,,,,,,,,,,,,,,,,,
powerlaw,200,27,,582,584,586,541,586,586,586,586,586,586,586,586,586,586,586,3tYz8aGcGQDeGMUWsVL$NmXSyBt48xXeer,,,,,,,,,,,,,,,,,,,,
powerlaw,200,28,,574,575,577,544,577,577,577,577,577,577,577,577,577,577,577,0Cto6IDlT$3yXy2UZJkds3xXxAvlmNQs5I,,,,,,,,,,,,,,,,,,,,
powerlaw,200,29,,572,576,576,546,576,576,576,576,576,576,576,576,576,576,576,2vZwfiu9XsF0CJ7XPpiLB5Ve9mPD48BnJm,,,,,,,,,,,,,,,,,,,,
powerlaw,300,0,,872,867,874,809,873,874,874,874,874,874,874,874,874,874,874,D6idQpVUPx_1ILECgC5YXvwqBu_2aKgMw8bKWAhtXqqTkUqKo3,,,,,,,,,,,,,,,,,,,,
powerlaw,300,1,,865,867,870,815,868,869,870,870,870,870,870,870,870,870,870,T5ohMHs5eINuXJ9z6tN0fueroImjNfG53pcreQoROsEUZrQ_jE,,,,,,,,,,,,,,,,,,,,
powerlaw,300,2,,876,872,876,813,876,876,876,876,876,876,876,876,876,876,876,XrDN_H0aCbxfTNVBjNur5HQjvn3mKjrlECXfsoDbKjP04BOmHQ,,,,,,,,,,,,,,,,,,,,
powerlaw,300,3,,880,876,880,834,880,880,880,880,880,880,880,880,880,880,880,zM8JyWK5DG$9eRSuDiCldQeIfdQaT1JtZWm0uVomY1LJPoL8BL,,,,,,,,,,,,,,,,,,,,
powerlaw,300,4,,877,877,877,818,876,877,877,877,877,877,877,877,877,877,877,YpoJbGclPod06Hhe_BJyj$VjlJ$O4699$3hsSa3ra03UcgI5v0,,,,,,,,,,,,,,,,,,,,
powerlaw,300,5,,883,883,883,818,882,883,883,883,883,883,883,883,883,883,883,Qad6L6AoQpkX1dWgVenEQlSeSwAiGE_hoUxQw6TLa6PdBveiA_,,,,,,,,,,,,,,,,,,,,
powerlaw,300,6,,868,870,869,819,874,874,874,874,874,874,874,874,874,874,874,Ow0BXaiVDSJODjNnBw3kUM3C7RelrAd4meyz4uZG$zrYfgIU2u,,,,,,,,,,,,,,,,,,,,
powerlaw,300,7,,883,875,875,810,883,883,883,883,883,883,883,883,883,883,883,YcsQgpBRF_$lz2ATZhZIR6aJfJAvFo3WfaucIDPEv2aMAe53X5,,,,,,,,,,,,,,,,,,,,
powerlaw,300,8,,878,875,878,811,881,881,881,881,881,881,881,881,881,881,881,YsNsakIqWYbqMcv9wkIFqWhaQt3_5N9B9e8edW6vwv0rzRaC1X,,,,,,,,,,,,,,,,,,,,
powerlaw,300,9,,872,874,866,798,873,874,874,874,874,874,874,874,874,874,874,pcAYNZmORW9zCoCUozewATWrC5B2tuSkDJv$Dtm8pCZgm1OQwL,,,,,,,,,,,,,,,,,,,,
powerlaw,300,10,,870,870,870,810,874,877,877,877,877,877,877,877,877,877,877,6RPzxtBXq52nimr6PYHcAjwuQyIU8o7qzdWfSsyHdJ98oxzvmG,,,,,,,,,,,,,,,,,,,,
powerlaw,300,11,,872,868,868,802,872,873,873,873,873,873,873,873,873,873,873,PoMvl57s1ta49XTnupkkchKULsMpVv5QaSW8DE4jToC079q8P7,,,,,,,,,,,,,,,,,,,,
powerlaw,300,12,,879,879,891,825,891,891,891,891,891,891,891,891,891,891,891,_9pPR0X5eYSm5F0PgebBnAel3EaTZqO4mUgKcRRQPQCrK8PIza,,,,,,,,,,,,,,,,,,,,
powerlaw,300,13,,872,872,872,817,870,871,872,872,872,872,872,872,872,872,872,voQZKJz4Ic33T$Qa11deoUeJT$pFopKT4e_Wlt80LZuwabAF11,,,,,,,,,,,,,,,,,,,,
powerlaw,300,14,,874,869,875,809,875,875,875,875,875,875,875,875,875,875,875,XITmk9K2FVVEhFQVsZBBhTdbNgZCBltr3QCzNuhvz$ZuV4Zt49,,,,,,,,,,,,,,,,,,,,
powerlaw,300,15,,856,871,873,818,871,873,873,873,873,873,873,873,873,873,873,z7CGGtIPBXo5ZbSQcwTE4kkrENHQvbd638YlJK6MbAEx5q$5Iu,,,,,,,,,,,,,,,,,,,,
powerlaw,300,16,,874,871,874,829,874,874,874,874,874,874,874,874,874,874,874,1LbYT8dZvtHIdgmuNVrDQlfnjUn$Yq3NHQztdSKz$p5cj5ZDfR,,,,,,,,,,,,,,,,,,,,
powerlaw,300,17,,871,870,872,810,869,871,872,872,872,872,872,872,872,872,872,7k04DLmiANvAOvhbWdEVWk6zAkwdPkmqeiVWncQRYmt4h84gSo,,,,,,,,,,,,,,,,,,,,
powerlaw,300,18,,878,880,883,822,882,883,883,883,883,883,883,883,883,883,883,ZTunPAvOY47H0NQIlrYSR9PqyqUin3ff79BNBawxDjuxGtkIHK,,,,,,,,,,,,,,,,,,,,
powerlaw,300,19,,873,875,877,831,878,880,880,880,880,880,880,880,880,880,880,UDIe8SAPmKWcqoUqHZd0zYspZZpPxtJkDHgOAOIhe7LoedvvN8,,,,,,,,,,,,,,,,,,,,
powerlaw,300,20,,876,875,882,822,881,882,882,882,882,882,882,882,882,882,882,2diPFDbgkB7d9r7xEUFv7EuRb4dn36tKtOz3bUz4uEpH$j0IZQ,,,,,,,,,,,,,,,,,,,,
powerlaw,300,21,,872,870,877,816,872,877,877,877,877,877,877,877,877,877,877,d9ZuEPcPuJrW_9gqs3NwWVNQOJikGr0QEMckA4mOG$HLSrLzQU,,,,,,,,,,,,,,,,,,,,
powerlaw,300,22,,874,871,874,804,873,874,874,874,874,874,874,874,874,874,874,cKRAwpQrFu1i2sw6yYVmR1iJhczjEv1JEnXLDBl3M1Uaj5j9$k,,,,,,,,,,,,,,,,,,,,
powerlaw,300,23,,879,879,879,816,875,877,878,879,879,879,879,879,879,879,879,vhlkbeIiDIL_d_ZB1QGwC1f9lcQ2E1hCsWXg07IjGWIQm0cSWn,,,,,,,,,,,,,,,,,,,,
powerlaw,300,24,,868,871,876,825,874,876,876,876,876,876,876,876,876,876,876,unc9Ou5V5FCkCxvu_KmFMJTYxgV3lE5GE1S$$Hj4m4nu9zWKnf,,,,,,,,,,,,,,,,,,,,
powerlaw,300,25,,864,868,868,828,868,870,871,872,872,872,872,872,872,872,872,vCADRC0q8TVzfkmMMa98EuURrVPbjvZhAGFW3KuwgJeqsaxjba,,,,,,,,,,,,,,,,,,,,
powerlaw,300,26,,872,872,872,818,871,872,872,872,872,872,872,872,872,872,872,niQCJI$SVGOtv0yTkbA5zMJFQ6MHGN74NLffltfF7LLmJERgWg,,,,,,,,,,,,,,,,,,,,
powerlaw,300,27,,871,878,878,817,876,878,878,878,878,878,878,878,878,878,878,jTHaoeUzMzVHLwL1mPCzGqBmXdZ4VS3Lkj0u9gL_qWtI2ICTFO,,,,,,,,,,,,,,,,,,,,
powerlaw,300,28,,878,878,878,838,876,877,877,877,877,878,878,878,878,878,878,vYDat9a53f75G8oHxgI$j_mH1kJ_jDhKQfvrRpdiB4vPJLIWLN,,,,,,,,,,,,,,,,,,,,
powerlaw,300,29,,870,868,875,820,874,875,875,875,875,875,875,875,875,875,875,BVXzY48S1czgEeR4K63gKHqXkqA5$QMZ4O0IavGtHZ9imkV5Su,,,,,,,,,,,,,,,,,,,,
powerlaw,400,0,,,,,1082,1159,1164,1167,1167,1167,1167,1168,1168,1169,1169,1169,Coy6vx4dY9eUU7ibZba0CqEgqBoPQabb31ZzlhKlSB1NrkMiwSWPGB5KVMtc$MRo2fR,,,,,,,,,,,,,,,,,,,,
powerlaw,400,1,,,,,1101,1171,1172,1173,1173,1173,1173,1175,1175,1175,1175,1175,3M4vw_$1LwjAQ42viF93Ynk3$YTn7$PxXfLj3HZGkNI6820qG0b0zgbuopOLw8aqkO4,,,,,,,,,,,,,,,,,,,,
powerlaw,400,2,,,,,1097,1161,1167,1168,1168,1169,1170,1172,1172,1172,1172,1172,CPLDgINVhCc_toB7iHJdblsRd4ooWE5TiMPVsi4vY16lL5j8o9V4unBt2Zk4CypmLA7,,,,,,,,,,,,,,,,,,,,
powerlaw,400,3,,,,,1102,1166,1172,1172,1172,1173,1173,1173,1173,1173,1173,1173,E2_Qp8CSxQYbObYWIGT$Nz2gFnL$rBsbw9e_n9Nmzt89z$6MqZfDK$4NRJq9lZWLefu,,,,,,,,,,,,,,,,,,,,
powerlaw,400,4,,,,,1082,1164,1168,1171,1172,1172,1172,1172,1173,1173,1173,1173,3Qmq8ijJqZ0l_pRDjyDxZ11z3YntMVyw_1f_9RqwWrOLUMSKwSINx4ZX97UGbEs_ua_,,,,,,,,,,,,,,,,,,,,
powerlaw,400,5,,,,,1093,1168,1169,1171,1171,1171,1171,1171,1171,1171,1171,1171,6d5dS8ktvzBfiDInl70CHWnGsO8pU_4vos4LjmFjlqCjt2OP$kbir8PoYM8gY_nH4op,,,,,,,,,,,,,,,,,,,,
powerlaw,400,6,,,,,1090,1162,1168,1170,1170,1170,1170,1170,1170,1170,1170,1170,5RgY1rPwCayLfO4yXER8MZHekDQn1ZLfKwm6UN_ZsvHSXeSZ0ao1MDx1LLyMsnrnrGw,,,,,,,,,,,,,,,,,,,,
powerlaw,400,7,,,,,1109,1168,1174,1174,1174,1174,1174,1174,1174,1174,1174,1174,vOt3HIqL3SdFrlNKqUGwtN_0llxxnWG3L8Ekt5wRqFCUtVrMmsDsi3OLlt14LDfWOm,,,,,,,,,,,,,,,,,,,,
powerlaw,400,8,,,,,1083,1168,1174,1178,1178,1178,1178,1178,1178,1178,1178,1178,4aEj_tQA4sv97jVesyhLDvGj1uRQnn7dlCsAXc6i5wcJMYbA0vOEHfsISlYhWvvi5OC,,,,,,,,,,,,,,,,,,,,
powerlaw,400,9,,,,,1103,1160,1169,1170,1170,1170,1170,1170,1170,1170,1170,1170,2vWoJChZv$GIHDALMnTOFjOJPZH$vyVaWsEnP9fnAgd6iuVu0MTjbO7rBdpehFOKi8d,,,,,,,,,,,,,,,,,,,,
powerlaw,400,10,,,,,1103,1172,1175,1180,1181,1181,1181,1181,1181,1181,1181,1181,nYfM_v$aJPlGu$XW4AJeZVD5ZDM2pingRJnRtsFSHz4rE$KSTQNUXPW_s2_ciTtcJy,,,,,,,,,,,,,,,,,,,,
powerlaw,400,11,,,,,1097,1163,1168,1170,1170,1170,1170,1170,1170,1170,1170,1170,C6UruMkL5JbEH7ogyeCFysCIIWSEfb6UwXyNBKd9VYxpw8AWojXCPJGmFc9HzuBuFUO,,,,,,,,,,,,,,,,,,,,
powerlaw,400,12,,,,,1063,1165,1171,1175,1177,1177,1177,1177,1177,1177,1177,1177,4Z6REwtzgI5eoZCbZo8IUKavQ1oTLJcr_et8qugn7hb1UxxuoDdL_u7Yr$r0ti6PZSm,,,,,,,,,,,,,,,,,,,,
powerlaw,400,13,,,,,1087,1168,1171,1172,1172,1173,1175,1176,1176,1176,1176,1176,3ul4zGT4GtwWkg3WMIfhn70XukOlzNIU3i5zXpdPh_mhWuYcZ7uvXtWK0eYswS9Fkgp,,,,,,,,,,,,,,,,,,,,
powerlaw,400,14,,,,,1068,1160,1169,1169,1169,1170,1170,1170,1170,1170,1171,1171,3FCaI0oPKOn9FDQv$gzPSkmVKLJtyufcm3GxTfbA8RZD7GhB5CEnaKpCd$GRUTNi_kO,,,,,,,,,,,,,,,,,,,,
powerlaw,400,15,,,,,1108,1162,1164,1166,1167,1168,1168,1168,1168,1168,1168,1168,4ESbW4KRd9rRSzRoK0px7PzPkVgU$ZgRzyTFJ05rlovqsnsTtalpjfr$J6yB2fmBBVu,,,,,,,,,,,,,,,,,,,,
powerlaw,400,16,,,,,1092,1167,1173,1174,1175,1176,1177,1177,1177,1177,1177,1177,2iEtx72HcQdCrdhdzYSaujnbn2mECRYPS5vd3svmo2SB428xMCJWceRVP_gGkX6f4EH,,,,,,,,,,,,,,,,,,,,
powerlaw,400,17,,,,,1093,1164,1170,1171,1172,1172,1172,1172,1172,1172,1173,1173,FaGwvAYpCAR6cv5pe3C5cn$4QcEBzKrJFpLLpi0Tgx4HlXNZHdCenLBbToQsJWR2AH1,,,,,,,,,,,,,,,,,,,,
powerlaw,400,18,,,,,1096,1161,1164,1167,1169,1170,1172,1172,1172,1172,1172,1172,cXztM7adwey_RctKLt8yUPNDXQmt9nZOz0a5z5$CVSx5Dp_CxQFGOujMlwpF4I7E3k,,,,,,,,,,,,,,,,,,,,
powerlaw,400,19,,,,,1100,1166,1173,1174,1174,1174,1174,1174,1174,1174,1174,1174,9qT1KUGkCpWyb5Mga5FnB3FI4tjwbhvzgTYx7QV7Pq8pNbrlksXK3gwipimnxEx5FpP,,,,,,,,,,,,,,,,,,,,
powerlaw,400,20,,,,,1115,1168,1174,1175,1181,1182,1182,1182,1182,1182,1182,1182,4mkUyxIB1PXEgHoXtRVPguPhbgh33sUWJXnLqPVPXWZKVPyglSWSnfbcoaI4ASxscBT,,,,,,,,,,,,,,,,,,,,
powerlaw,400,21,,,,,1116,1161,1169,1169,1169,1170,1170,1170,1170,1170,1170,1170,F6CI59cbMqqW7dXxBxOXPMEULFWsroJRr$Y74kWV4A$0t4TCGsDLebEiQZUIAYUbP1o,,,,,,,,,,,,,,,,,,,,
powerlaw,400,22,,,,,1115,1169,1170,1173,1175,1175,1176,1176,1176,1176,1176,1176,3VHL_dMPPhGmbKaMyHw07V1efx8D57jO$1hMuRLCSDsYnitZi0OFPxCnCSg39BCyhG1,,,,,,,,,,,,,,,,,,,,
powerlaw,400,23,,,,,1072,1167,1169,1170,1170,1170,1173,1173,1173,1173,1173,1174,EDA7BqmljfOxNGmTEevgtLZYaciYI2uKb2ExlCCI2vzp6nDXYIzGOCzATNRfKE15mIu,,,,,,,,,,,,,,,,,,,,
powerlaw,400,24,,,,,1114,1166,1170,1172,1174,1174,1174,1174,1174,1174,1174,1174,tLI0hDpwQOgTzsjc_VPeDn_3L9$8__26YawSeAsMTw97GCaLiTeB4b313xEPeQkhdG,,,,,,,,,,,,,,,,,,,,
powerlaw,400,25,,,,,1116,1159,1161,1165,1166,1167,1167,1167,1168,1168,1168,1168,9Lhyu9Ksr0PeHepR4UFwrTDYxU$FpJFYH92C2n3kgxUBiNvrc$lUL0McTt_w4fd4VKs,,,,,,,,,,,,,,,,,,,,
powerlaw,400,26,,,,,1098,1173,1177,1178,1180,1180,1180,1180,1180,1180,1180,1180,3YeEbTedq2sVl420BzWj6h4TvkEB2Zql897FlCV5KBi7xClLVptODPjsqQqQa6inUxk,,,,,,,,,,,,,,,,,,,,
powerlaw,400,27,,,,,1094,1162,1169,1169,1169,1170,1170,1170,1170,1170,1171,1171,9fusT2jzCZiMg79nZQPAbwwIZcbRGPOFObp7R_8paJpp3UAzjqDh6$XviBam6qRRTKT,,,,,,,,,,,,,,,,,,,,
powerlaw,400,28,,,,,1096,1165,1169,1171,1173,1174,1174,1174,1174,1174,1174,1174,E5zuoIY2q06A9$udey0gZkaEMtpTK66u4awNMgJl78J6zzF$bn8ni4X56AaEld27a5p,,,,,,,,,,,,,,,,,,,,
powerlaw,400,29,,,,,1087,1164,1166,1168,1169,1171,1171,1172,1172,1172,1172,1172,78gkl6C_Zz6ryp6AxMZgT0ZcVdeD$2xt2YbjF_srp618Jtt45nN9rLDBv6XugA2woEn,,,,,,,,,,,,,,,,,,,,
powerlaw,500,0,,,,,1370,1451,1457,1465,1465,1468,1468,1468,1468,1469,1470,1470,3LGdFqrcRKqOUS2zoB534ZwDdBca9RjtRcS1NgeYUVMh56mlKVZJzhQpnllKb4t9$gEgC0cyTAJQAr72o7X8,,,,,,,,,,,,,,,,,,,,
powerlaw,500,1,,,,,1352,1451,1460,1463,1467,1471,1471,1471,1471,1471,1471,1471,21yONhT6TJZoqe2xHAPJ_E1wsUfy9WxvPu_ixzB07QdtE$5EZr9sA2JYkRcb$xzq9NggsZ$kj$kDsZlBgxOk,,,,,,,,,,,,,,,,,,,,
powerlaw,500,2,,,,,1360,1448,1458,1462,1463,1466,1466,1466,1467,1467,1467,1467,HUV4YU6PHZR8LXV4ehTy9VfZGPx0BREVZBKcVTYul1X1BA5EhrdVUii1QLRb5pvUMziCoi6wb0KeVkf7hp4,,,,,,,,,,,,,,,,,,,,
powerlaw,500,3,,,,,1398,1443,1450,1452,1454,1457,1457,1457,1458,1458,1458,1458,3m4xU08xdXJ_SB1wvLNyn4pP$JBtpT4bTjI53BAds0tdVYNIDW3DnCq0fGDYWHJcYN8pO74MPdTPRJ$nfR66,,,,,,,,,,,,,,,,,,,,
powerlaw,500,4,,,,,1383,1461,1471,1471,1471,1476,1478,1478,1478,1478,1478,1479,2eejs2rTPfAx_z$7bO6pZb9IxZOjmddaGOwwy9Myf8L1NdXvEvh8QAtDaHVsJC6$Ui1i_NBU6pWHPTJUcpiP,,,,,,,,,,,,,,,,,,,,
powerlaw,500,5,,,,,1368,1450,1459,1463,1466,1467,1467,1469,1469,1469,1470,1471,HiFK$wof$c4OoRSdqsqBaf2Nv3xhwbT0zRm3VMJqmCVM8scFbdB$31koBE_bJn9ZJ0c77iiL5UhRiNgkbsN,,,,,,,,,,,,,,,,,,,,
powerlaw,500,6,,,,,1378,1448,1459,1463,1463,1464,1467,1468,1469,1469,1469,1469,3H2wn6iny7VTfbdhxaSswijzh28WhITnyLbRIqmXPISjMt4qcJhcHEHztDkAToZ0lNqcASXaecpDsX$cCoLI,,,,,,,,,,,,,,,,,,,,
powerlaw,500,7,,,,,1363,1451,1464,1467,1471,1473,1473,1475,1475,1475,1475,1475,3HPazEcZ8bA_l433OR2dPsLF7yl7Qr5KB1ZrUg$dDT1RSGsy4UmydA54_Wzu_0IKOw1LCLZFcMSXv2YHh9gG,,,,,,,,,,,,,,,,,,,,
powerlaw,500,8,,,,,1373,1454,1458,1464,1469,1471,1472,1473,1474,1474,1474,1474,hCyDWWpBvEtx97wKg8wd6nIpzRJeovtKcIw3p7X05aoCYeNM_kB5eJe41T$RkARy0fAb$VvTaEnBiXwRsXj,,,,,,,,,,,,,,,,,,,,
powerlaw,500,9,,,,,1358,1447,1451,1455,1455,1458,1458,1458,1458,1458,1458,1458,AzNfsj6kNbdLaH0buA1hZL$8iAuO18_3zWcKBkXlwXUXYKq9dBeSnQqC95bYMGkVYRW1bFCYle5H9fc44Eo,,,,,,,,,,,,,,,,,,,,
powerlaw,500,10,,,,,1404,1450,1456,1460,1464,1465,1468,1468,1470,1472,1473,1473,1nzvCRO24igwvPKK_g$Gc2Jh1XRKUC_oXo_FxHnqFZ2VOgtJ4GHJHN5M2fEnbIfJ0nZcqKKY$advpE$sVZ4J,,,,,,,,,,,,,,,,,,,,
powerlaw,500,11,,,,,1357,1448,1455,1459,1461,1463,1465,1465,1465,1465,1467,1467,1mxr35__Q1D7FuA5VnxIxq1_mgWh3x$JTwLoUUCrGg0HZKw6EQkEYrUsEp9wg8qQ$WyarwCK0k8d2K8Qf5sz,,,,,,,,,,,,,,,,,,,,
powerlaw,500,12,,,,,1380,1452,1461,1468,1474,1474,1474,1474,1474,1474,1474,1474,JR3lcUNUuhT71sStEqiB_6hAKGg498BaAO9dwd5ivB4pQDsyAK9uV6FR5py6WTI1zZ3bt4cBG4BxiAO2H0g,,,,,,,,,,,,,,,,,,,,
powerlaw,500,13,,,,,1388,1445,1453,1456,1457,1458,1462,1463,1463,1463,1463,1466,2LSmkigTVnj23A7JAo1OIMGzE1XltRLX4chui7$XZ7qX_hPOkpsf1uiLTPteMuDgz4PVaUiB3M7qJP592_SF,,,,,,,,,,,,,,,,,,,,
powerlaw,500,14,,,,,1392,1448,1458,1461,1463,1464,1465,1468,1468,1468,1468,1468,RA5_RiI1aBMaFUrVXbuS1iMNw0TENTH1snp8zGkhvEeOip195I8zf8StlNvJF9D$hY9njw32KvDDpjoCQxU,,,,,,,,,,,,,,,,,,,,
powerlaw,500,15,,,,,1380,1452,1458,1463,1466,1468,1468,1468,1468,1468,1468,1469,RBf7cSQdWvkYh$NC4eI2RJlDVaglT1MGU4LYi9_OQQt0U1Fgoo9k8rHf$vZXuYAUCLF$6QtqQ3LhJ$HWEhk,,,,,,,,,,,,,,,,,,,,
powerlaw,500,16,,,,,1369,1450,1462,1468,1471,1473,1473,1473,1473,1473,1473,1473,kT4$cHFZSZbWF6Nd8LJIlWF7IgcLfdp2UF15M1N6LXkGKMdiJoJsKdeyweLDuLgr$e2ZwQYqVGixJy1rneS,,,,,,,,,,,,,,,,,,,,
powerlaw,500,17,,,,,1387,1447,1460,1462,1463,1465,1465,1465,1465,1465,1465,1466,1qfdmV6yN$gw8g4iQvm_YnMbiG9IqJi5KkbTHZNbsg69TwddXNQym62Dl8KIK9pA0IDTbKF6csDg5jlx2i8V,,,,,,,,,,,,,,,,,,,,
powerlaw,500,18,,,,,1397,1455,1467,1470,1473,1473,1474,1475,1475,1475,1475,1475,TSq$AI2PONSfdzfsH0EnPdsWJYThz8w0c2INV9NqjuL5wo2s3DDwwuWNZN5IQ$5swhDxg_t_hJcU0ioLEEZ,,,,,,,,,,,,,,,,,,,,
powerlaw,500,19,,,,,1362,1447,1453,1456,1464,1464,1467,1467,1467,1467,1467,1467,BMRKXi5eziUoxi9Te8uktfAR$8Ycp9IDS_zI$nngOc9j7AzVp0Gi63msFM1_b5KCeHFKcuzHEURlf3lX$3n,,,,,,,,,,,,,,,,,,,,
powerlaw,500,20,,,,,1373,1461,1469,1474,1477,1478,1478,1479,1479,1479,1480,1481,6f_i7xHAf$2jfuG1zjQ2TNOjPFNUkDiq3d6VDrNNs77UgeESU7w3SwGCR7nfxEDOv7tcIqI1G8XUB2xmAPc,,,,,,,,,,,,,,,,,,,,
powerlaw,500,21,,,,,1372,1444,1452,1456,1459,1461,1461,1462,1462,1462,1464,1464,3IpvbZym4l1cUZ$Vf9xqkO2odLnYWhoiqIXEsUO5qcZ_dFNtFGCilthM00bJUjyhre_gd5aOTeyg$LsjxPME,,,,,,,,,,,,,,,,,,,,
powerlaw,500,22,,,,,1360,1452,1467,1468,1471,1471,1471,1471,1472,1472,1472,1474,BHOoVpVDm36vNFimyBUqvIUYgdvX_HOGRfyTekvoc1i1qWqMYms6jUDLS4WTUAExDLRNCq_70JRyceyOV1z,,,,,,,,,,,,,,,,,,,,
powerlaw,500,23,,,,,1372,1456,1461,1462,1464,1464,1467,1469,1469,1469,1469,1469,2r9N4GPeQae$$R8afp7c1zx_HL7Ny7VyGlrasEmzvz4kIfla14X3xppapbEvO1KwgFazPAtHtzhAY3z6Esv9,,,,,,,,,,,,,,,,,,,,
powerlaw,500,24,,,,,1391,1453,1460,1467,1467,1468,1468,1468,1468,1468,1469,1470,1uKi8lzbysBYRCBhkUSGPpVUS8BwvV2GoZbP$5wUCad$$IA08_itKCCpWn5Jbnz3m2iml44rOwHdZHYwqakg,,,,,,,,,,,,,,,,,,,,
powerlaw,500,25,,,,,1377,1446,1455,1458,1461,1466,1468,1468,1469,1469,1469,1469,2OKJ0SNo_Ny1IldqGnpphD2H2VC5ruCx$scU3lqDlenPAp1F4g831gukQynLWVjE9pssRgByxjipoJ_cQ7oo,,,,,,,,,,,,,,,,,,,,
powerlaw,500,26,,,,,1361,1452,1459,1461,1465,1465,1465,1467,1467,1467,1467,1467,ru$G1kJ8P9MyBgKoET2IVwJIrIuDtdgVBzxMSRKuSO0SeHqpjbzPcMDP7zTXJ_b3kQNd10ZnqT6zY$dqPen,,,,,,,,,,,,,,,,,,,,
powerlaw,500,27,,,,,1359,1449,1456,1457,1460,1462,1462,1462,1463,1464,1464,1464,2cOIVRsaRBLFkkd19k5zs$$mY0mJBXDy6hs4YlQbInWCLzWrRm4KHKkcVs35SQcXkGcID$ZMHWwlMi8Eoyl1,,,,,,,,,,,,,,,,,,,,
powerlaw,500,28,,,,,1372,1446,1453,1456,1456,1458,1460,1460,1461,1461,1463,1463,1TKayg$NP$EyZYxj8QHN8JY8ZxZwpitPHlhYTj7rNqa$jzeqQhROMDnhNj_BRPGD6xrVTA5eVtrQa6vb9_x,,,,,,,,,,,,,,,,,,,,
powerlaw,500,29,,,,,1365,1453,1460,1463,1465,1467,1468,1468,1468,1468,1468,1468,VWA3nTnaOvg6BqJXRlyOlFzSTjkk4UiksMzpC8MWyPaE1pg9KhuP7UbmDGchByhJ4nbhdBSGyZN$76VVR0t,,,,,,,,,,,,,,,,,,,,
,,,,,,,,,,,,,,,,,,,,,,,,,,,,,,,,,,,,,,,
,,,,,,,,,,,,,,,,,,,,,,,,,,,,,,,,,,,,,,,
,,,,,,,,,,,,,,,,,,,,,,,,,,,,,,,,,,,,,,,
,,,,,,,,,,,,,,,,,,,,,,,,,,,,,,,,,,,,,,,
,,,,,,,,,,,,,,,,,,,,,,,,,,,,,,,,,,,,,,,
,,,,,,,,,,,,,,,,,,,,,,,,,,,,,,,,,,,,,,,
,,,,,,,,,,,,,,,,,,,,,,,,,,,,,,,,,,,,,,,
,,,,,,,,,,,,,,,,,,,,,,,,,,,,,,,,,,,,,,,
,,,,,,,,,,,,,,,,,,,,,,,,,,,,,,,,,,,,,,,
,,,,,,,,,,,,,,,,,,,,,,,,,,,,,,,,,,,,,,,
,,,,,,,,,,,,,,,,,,,,,,,,,,,,,,,,,,,,,,,
,,,,,,,,,,,,,,,,,,,,,,,,,,,,,,,,,,,,,,,
,,,,,,,,,,,,,,,,,,,,,,,,,,,,,,,,,,,,,,,
,,,,,,,,,,,,,,,,,,,,,,,,,,,,,,,,,,,,,,,
,,,,,,,,,,,,,,,,,,,,,,,,,,,,,,,,,,,,,,,
,,,,,,,,,,,,,,,,,,,,,,,,,,,,,,,,,,,,,,,
,,,,,,,,,,,,,,,,,,,,,,,,,,,,,,,,,,,,,,,
,,,,,,,,,,,,,,,,,,,,,,,,,,,,,,,,,,,,,,,
,,,,,,,,,,,,,,,,,,,,,,,,,,,,,,,,,,,,,,,
,,,,,,,,,,,,,,,,,,,,,,,,,,,,,,,,,,,,,,,
,,,,,,,,,,,,,,,,,,,,,,,,,,,,,,,,,,,,,,,
,,,,,,,,,,,,,,,,,,,,,,,,,,,,,,,,,,,,,,,
,,,,,,,,,,,,,,,,,,,,,,,,,,,,,,,,,,,,,,,
,,,,,,,,,,,,,,,,,,,,,,,,,,,,,,,,,,,,,,,
,,,,,,,,,,,,,,,,,,,,,,,,,,,,,,,,,,,,,,,
,,,,,,,,,,,,,,,,,,,,,,,,,,,,,,,,,,,,,,,
,,,,,,,,,,,,,,,,,,,,,,,,,,,,,,,,,,,,,,,
,,,,,,,,,,,,,,,,,,,,,,,,,,,,,,,,,,,,,,,
,,,,,,,,,,,,,,,,,,,,,,,,,,,,,,,,,,,,,,,
,,,,,,,,,,,,,,,,,,,,,,,,,,,,,,,,,,,,,,,
,,,,,,,,,,,,,,,,,,,,,,,,,,,,,,,,,,,,,,,
,,,,,,,,,,,,,,,,,,,,,,,,,,,,,,,,,,,,,,,
,,,,,,,,,,,,,,,,,,,,,,,,,,,,,,,,,,,,,,,
,,,,,,,,,,,,,,,,,,,,,,,,,,,,,,,,,,,,,,,
,,,,,,,,,,,,,,,,,,,,,,,,,,,,,,,,,,,,,,,
,,,,,,,,,,,,,,,,,,,,,,,,,,,,,,,,,,,,,,,
,,,,,,,,,,,,,,,,,,,,,,,,,,,,,,,,,,,,,,,
,,,,,,,,,,,,,,,,,,,,,,,,,,,,,,,,,,,,,,,
,,,,,,,,,,,,,,,,,,,,,,,,,,,,,,,,,,,,,,,
,,,,,,,,,,,,,,,,,,,,,,,,,,,,,,,,,,,,,,,
,,,,,,,,,,,,,,,,,,,,,,,,,,,,,,,,,,,,,,,
,,,,,,,,,,,,,,,,,,,,,,,,,,,,,,,,,,,,,,,
,,,,,,,,,,,,,,,,,,,,,,,,,,,,,,,,,,,,,,,
,,,,,,,,,,,,,,,,,,,,,,,,,,,,,,,,,,,,,,,
,,,,,,,,,,,,,,,,,,,,,,,,,,,,,,,,,,,,,,,
,,,,,,,,,,,,,,,,,,,,,,,,,,,,,,,,,,,,,,,
,,,,,,,,,,,,,,,,,,,,,,,,,,,,,,,,,,,,,,,
,,,,,,,,,,,,,,,,,,,,,,,,,,,,,,,,,,,,,,,
,,,,,,,,,,,,,,,,,,,,,,,,,,,,,,,,,,,,,,,
,,,,,,,,,,,,,,,,,,,,,,,,,,,,,,,,,,,,,,,
,,,,,,,,,,,,,,,,,,,,,,,,,,,,,,,,,,,,,,,
,,,,,,,,,,,,,,,,,,,,,,,,,,,,,,,,,,,,,,,
,,,,,,,,,,,,,,,,,,,,,,,,,,,,,,,,,,,,,,,
,,,,,,,,,,,,,,,,,,,,,,,,,,,,,,,,,,,,,,,
,,,,,,,,,,,,,,,,,,,,,,,,,,,,,,,,,,,,,,,
,,,,,,,,,,,,,,,,,,,,,,,,,,,,,,,,,,,,,,,
,,,,,,,,,,,,,,,,,,,,,,,,,,,,,,,,,,,,,,,
,,,,,,,,,,,,,,,,,,,,,,,,,,,,,,,,,,,,,,,
,,,,,,,,,,,,,,,,,,,,,,,,,,,,,,,,,,,,,,,
,,,,,,,,,,,,,,,,,,,,,,,,,,,,,,,,,,,,,,,
,,,,,,,,,,,,,,,,,,,,,,,,,,,,,,,,,,,,,,,
,,,,,,,,,,,,,,,,,,,,,,,,,,,,,,,,,,,,,,,
,,,,,,,,,,,,,,,,,,,,,,,,,,,,,,,,,,,,,,,
,,,,,,,,,,,,,,,,,,,,,,,,,,,,,,,,,,,,,,,
,,,,,,,,,,,,,,,,,,,,,,,,,,,,,,,,,,,,,,,
,,,,,,,,,,,,,,,,,,,,,,,,,,,,,,,,,,,,,,,
,,,,,,,,,,,,,,,,,,,,,,,,,,,,,,,,,,,,,,,
,,,,,,,,,,,,,,,,,,,,,,,,,,,,,,,,,,,,,,,
,,,,,,,,,,,,,,,,,,,,,,,,,,,,,,,,,,,,,,,
,,,,,,,,,,,,,,,,,,,,,,,,,,,,,,,,,,,,,,,
,,,,,,,,,,,,,,,,,,,,,,,,,,,,,,,,,,,,,,,
,,,,,,,,,,,,,,,,,,,,,,,,,,,,,,,,,,,,,,,
,,,,,,,,,,,,,,,,,,,,,,,,,,,,,,,,,,,,,,,
,,,,,,,,,,,,,,,,,,,,,,,,,,,,,,,,,,,,,,,
,,,,,,,,,,,,,,,,,,,,,,,,,,,,,,,,,,,,,,,
,,,,,,,,,,,,,,,,,,,,,,,,,,,,,,,,,,,,,,,
,,,,,,,,,,,,,,,,,,,,,,,,,,,,,,,,,,,,,,,
,,,,,,,,,,,,,,,,,,,,,,,,,,,,,,,,,,,,,,,
,,,,,,,,,,,,,,,,,,,,,,,,,,,,,,,,,,,,,,,
,,,,,,,,,,,,,,,,,,,,,,,,,,,,,,,,,,,,,,,
,,,,,,,,,,,,,,,,,,,,,,,,,,,,,,,,,,,,,,,
,,,,,,,,,,,,,,,,,,,,,,,,,,,,,,,,,,,,,,,
,,,,,,,,,,,,,,,,,,,,,,,,,,,,,,,,,,,,,,,
,,,,,,,,,,,,,,,,,,,,,,,,,,,,,,,,,,,,,,,
,,,,,,,,,,,,,,,,,,,,,,,,,,,,,,,,,,,,,,,
,,,,,,,,,,,,,,,,,,,,,,,,,,,,,,,,,,,,,,,
,,,,,,,,,,,,,,,,,,,,,,,,,,,,,,,,,,,,,,,
,,,,,,,,,,,,,,,,,,,,,,,,,,,,,,,,,,,,,,,
,,,,,,,,,,,,,,,,,,,,,,,,,,,,,,,,,,,,,,,
,,,,,,,,,,,,,,,,,,,,,,,,,,,,,,,,,,,,,,,
,,,,,,,,,,,,,,,,,,,,,,,,,,,,,,,,,,,,,,,
,,,,,,,,,,,,,,,,,,,,,,,,,,,,,,,,,,,,,,,
,,,,,,,,,,,,,,,,,,,,,,,,,,,,,,,,,,,,,,,
,,,,,,,,,,,,,,,,,,,,,,,,,,,,,,,,,,,,,,,
,,,,,,,,,,,,,,,,,,,,,,,,,,,,,,,,,,,,,,,
,,,,,,,,,,,,,,,,,,,,,,,,,,,,,,,,,,,,,,,
,,,,,,,,,,,,,,,,,,,,,,,,,,,,,,,,,,,,,,,
,,,,,,,,,,,,,,,,,,,,,,,,,,,,,,,,,,,,,,,
,,,,,,,,,,,,,,,,,,,,,,,,,,,,,,,,,,,,,,,
,,,,,,,,,,,,,,,,,,,,,,,,,,,,,,,,,,,,,,,
,,,,,,,,,,,,,,,,,,,,,,,,,,,,,,,,,,,,,,,
,,,,,,,,,,,,,,,,,,,,,,,,,,,,,,,,,,,,,,,
,,,,,,,,,,,,,,,,,,,,,,,,,,,,,,,,,,,,,,,
,,,,,,,,,,,,,,,,,,,,,,,,,,,,,,,,,,,,,,,
,,,,,,,,,,,,,,,,,,,,,,,,,,,,,,,,,,,,,,,
,,,,,,,,,,,,,,,,,,,,,,,,,,,,,,,,,,,,,,,
,,,,,,,,,,,,,,,,,,,,,,,,,,,,,,,,,,,,,,,
,,,,,,,,,,,,,,,,,,,,,,,,,,,,,,,,,,,,,,,
,,,,,,,,,,,,,,,,,,,,,,,,,,,,,,,,,,,,,,,
,,,,,,,,,,,,,,,,,,,,,,,,,,,,,,,,,,,,,,,
,,,,,,,,,,,,,,,,,,,,,,,,,,,,,,,,,,,,,,,
,,,,,,,,,,,,,,,,,,,,,,,,,,,,,,,,,,,,,,,
,,,,,,,,,,,,,,,,,,,,,,,,,,,,,,,,,,,,,,,
,,,,,,,,,,,,,,,,,,,,,,,,,,,,,,,,,,,,,,,
,,,,,,,,,,,,,,,,,,,,,,,,,,,,,,,,,,,,,,,
,,,,,,,,,,,,,,,,,,,,,,,,,,,,,,,,,,,,,,,
,,,,,,,,,,,,,,,,,,,,,,,,,,,,,,,,,,,,,,,
,,,,,,,,,,,,,,,,,,,,,,,,,,,,,,,,,,,,,,,
,,,,,,,,,,,,,,,,,,,,,,,,,,,,,,,,,,,,,,,
,,,,,,,,,,,,,,,,,,,,,,,,,,,,,,,,,,,,,,,
,,,,,,,,,,,,,,,,,,,,,,,,,,,,,,,,,,,,,,,
,,,,,,,,,,,,,,,,,,,,,,,,,,,,,,,,,,,,,,,
,,,,,,,,,,,,,,,,,,,,,,,,,,,,,,,,,,,,,,,
,,,,,,,,,,,,,,,,,,,,,,,,,,,,,,,,,,,,,,,
,,,,,,,,,,,,,,,,,,,,,,,,,,,,,,,,,,,,,,,
,,,,,,,,,,,,,,,,,,,,,,,,,,,,,,,,,,,,,,,
,,,,,,,,,,,,,,,,,,,,,,,,,,,,,,,,,,,,,,,
,,,,,,,,,,,,,,,,,,,,,,,,,,,,,,,,,,,,,,,
,,,,,,,,,,,,,,,,,,,,,,,,,,,,,,,,,,,,,,,
,,,,,,,,,,,,,,,,,,,,,,,,,,,,,,,,,,,,,,,
,,,,,,,,,,,,,,,,,,,,,,,,,,,,,,,,,,,,,,,
,,,,,,,,,,,,,,,,,,,,,,,,,,,,,,,,,,,,,,,
,,,,,,,,,,,,,,,,,,,,,,,,,,,,,,,,,,,,,,,
,,,,,,,,,,,,,,,,,,,,,,,,,,,,,,,,,,,,,,,
,,,,,,,,,,,,,,,,,,,,,,,,,,,,,,,,,,,,,,,
,,,,,,,,,,,,,,,,,,,,,,,,,,,,,,,,,,,,,,,
,,,,,,,,,,,,,,,,,,,,,,,,,,,,,,,,,,,,,,,
,,,,,,,,,,,,,,,,,,,,,,,,,,,,,,,,,,,,,,,
,,,,,,,,,,,,,,,,,,,,,,,,,,,,,,,,,,,,,,,
,,,,,,,,,,,,,,,,,,,,,,,,,,,,,,,,,,,,,,,
,,,,,,,,,,,,,,,,,,,,,,,,,,,,,,,,,,,,,,,
,,,,,,,,,,,,,,,,,,,,,,,,,,,,,,,,,,,,,,,
,,,,,,,,,,,,,,,,,,,,,,,,,,,,,,,,,,,,,,,
,,,,,,,,,,,,,,,,,,,,,,,,,,,,,,,,,,,,,,,
,,,,,,,,,,,,,,,,,,,,,,,,,,,,,,,,,,,,,,,
,,,,,,,,,,,,,,,,,,,,,,,,,,,,,,,,,,,,,,,
,,,,,,,,,,,,,,,,,,,,,,,,,,,,,,,,,,,,,,,
,,,,,,,,,,,,,,,,,,,,,,,,,,,,,,,,,,,,,,,
,,,,,,,,,,,,,,,,,,,,,,,,,,,,,,,,,,,,,,,
,,,,,,,,,,,,,,,,,,,,,,,,,,,,,,,,,,,,,,,
,,,,,,,,,,,,,,,,,,,,,,,,,,,,,,,,,,,,,,,
,,,,,,,,,,,,,,,,,,,,,,,,,,,,,,,,,,,,,,,
,,,,,,,,,,,,,,,,,,,,,,,,,,,,,,,,,,,,,,,
,,,,,,,,,,,,,,,,,,,,,,,,,,,,,,,,,,,,,,,
,,,,,,,,,,,,,,,,,,,,,,,,,,,,,,,,,,,,,,,
,,,,,,,,,,,,,,,,,,,,,,,,,,,,,,,,,,,,,,,
,,,,,,,,,,,,,,,,,,,,,,,,,,,,,,,,,,,,,,,
,,,,,,,,,,,,,,,,,,,,,,,,,,,,,,,,,,,,,,,
,,,,,,,,,,,,,,,,,,,,,,,,,,,,,,,,,,,,,,,
,,,,,,,,,,,,,,,,,,,,,,,,,,,,,,,,,,,,,,,
,,,,,,,,,,,,,,,,,,,,,,,,,,,,,,,,,,,,,,,
,,,,,,,,,,,,,,,,,,,,,,,,,,,,,,,,,,,,,,,
,,,,,,,,,,,,,,,,,,,,,,,,,,,,,,,,,,,,,,,
,,,,,,,,,,,,,,,,,,,,,,,,,,,,,,,,,,,,,,,
,,,,,,,,,,,,,,,,,,,,,,,,,,,,,,,,,,,,,,,
,,,,,,,,,,,,,,,,,,,,,,,,,,,,,,,,,,,,,,,
,,,,,,,,,,,,,,,,,,,,,,,,,,,,,,,,,,,,,,,
,,,,,,,,,,,,,,,,,,,,,,,,,,,,,,,,,,,,,,,
,,,,,,,,,,,,,,,,,,,,,,,,,,,,,,,,,,,,,,,
,,,,,,,,,,,,,,,,,,,,,,,,,,,,,,,,,,,,,,,
,,,,,,,,,,,,,,,,,,,,,,,,,,,,,,,,,,,,,,,
,,,,,,,,,,,,,,,,,,,,,,,,,,,,,,,,,,,,,,,
,,,,,,,,,,,,,,,,,,,,,,,,,,,,,,,,,,,,,,,
,,,,,,,,,,,,,,,,,,,,,,,,,,,,,,,,,,,,,,,
,,,,,,,,,,,,,,,,,,,,,,,,,,,,,,,,,,,,,,,
,,,,,,,,,,,,,,,,,,,,,,,,,,,,,,,,,,,,,,,
,,,,,,,,,,,,,,,,,,,,,,,,,,,,,,,,,,,,,,,
,,,,,,,,,,,,,,,,,,,,,,,,,,,,,,,,,,,,,,,
,,,,,,,,,,,,,,,,,,,,,,,,,,,,,,,,,,,,,,,
,,,,,,,,,,,,,,,,,,,,,,,,,,,,,,,,,,,,,,,
,,,,,,,,,,,,,,,,,,,,,,,,,,,,,,,,,,,,,,,
,,,,,,,,,,,,,,,,,,,,,,,,,,,,,,,,,,,,,,,
,,,,,,,,,,,,,,,,,,,,,,,,,,,,,,,,,,,,,,,
,,,,,,,,,,,,,,,,,,,,,,,,,,,,,,,,,,,,,,,
,,,,,,,,,,,,,,,,,,,,,,,,,,,,,,,,,,,,,,,
,,,,,,,,,,,,,,,,,,,,,,,,,,,,,,,,,,,,,,,
,,,,,,,,,,,,,,,,,,,,,,,,,,,,,,,,,,,,,,,
,,,,,,,,,,,,,,,,,,,,,,,,,,,,,,,,,,,,,,,
,,,,,,,,,,,,,,,,,,,,,,,,,,,,,,,,,,,,,,,
,,,,,,,,,,,,,,,,,,,,,,,,,,,,,,,,,,,,,,,
,,,,,,,,,,,,,,,,,,,,,,,,,,,,,,,,,,,,,,,
,,,,,,,,,,,,,,,,,,,,,,,,,,,,,,,,,,,,,,,
,,,,,,,,,,,,,,,,,,,,,,,,,,,,,,,,,,,,,,,
,,,,,,,,,,,,,,,,,,,,,,,,,,,,,,,,,,,,,,,
,,,,,,,,,,,,,,,,,,,,,,,,,,,,,,,,,,,,,,,
,,,,,,,,,,,,,,,,,,,,,,,,,,,,,,,,,,,,,,,
,,,,,,,,,,,,,,,,,,,,,,,,,,,,,,,,,,,,,,,
,,,,,,,,,,,,,,,,,,,,,,,,,,,,,,,,,,,,,,,
,,,,,,,,,,,,,,,,,,,,,,,,,,,,,,,,,,,,,,,
,,,,,,,,,,,,,,,,,,,,,,,,,,,,,,,,,,,,,,,
,,,,,,,,,,,,,,,,,,,,,,,,,,,,,,,,,,,,,,,
,,,,,,,,,,,,,,,,,,,,,,,,,,,,,,,,,,,,,,,
,,,,,,,,,,,,,,,,,,,,,,,,,,,,,,,,,,,,,,,
,,,,,,,,,,,,,,,,,,,,,,,,,,,,,,,,,,,,,,,
,,,,,,,,,,,,,,,,,,,,,,,,,,,,,,,,,,,,,,,
,,,,,,,,,,,,,,,,,,,,,,,,,,,,,,,,,,,,,,,
,,,,,,,,,,,,,,,,,,,,,,,,,,,,,,,,,,,,,,,
,,,,,,,,,,,,,,,,,,,,,,,,,,,,,,,,,,,,,,,
,,,,,,,,,,,,,,,,,,,,,,,,,,,,,,,,,,,,,,,
,,,,,,,,,,,,,,,,,,,,,,,,,,,,,,,,,,,,,,,
,,,,,,,,,,,,,,,,,,,,,,,,,,,,,,,,,,,,,,,
,,,,,,,,,,,,,,,,,,,,,,,,,,,,,,,,,,,,,,,
,,,,,,,,,,,,,,,,,,,,,,,,,,,,,,,,,,,,,,,
,,,,,,,,,,,,,,,,,,,,,,,,,,,,,,,,,,,,,,,
,,,,,,,,,,,,,,,,,,,,,,,,,,,,,,,,,,,,,,,
,,,,,,,,,,,,,,,,,,,,,,,,,,,,,,,,,,,,,,,
,,,,,,,,,,,,,,,,,,,,,,,,,,,,,,,,,,,,,,,
,,,,,,,,,,,,,,,,,,,,,,,,,,,,,,,,,,,,,,,
,,,,,,,,,,,,,,,,,,,,,,,,,,,,,,,,,,,,,,,
,,,,,,,,,,,,,,,,,,,,,,,,,,,,,,,,,,,,,,,
,,,,,,,,,,,,,,,,,,,,,,,,,,,,,,,,,,,,,,,
,,,,,,,,,,,,,,,,,,,,,,,,,,,,,,,,,,,,,,,
,,,,,,,,,,,,,,,,,,,,,,,,,,,,,,,,,,,,,,,
,,,,,,,,,,,,,,,,,,,,,,,,,,,,,,,,,,,,,,,
,,,,,,,,,,,,,,,,,,,,,,,,,,,,,,,,,,,,,,,
,,,,,,,,,,,,,,,,,,,,,,,,,,,,,,,,,,,,,,,
,,,,,,,,,,,,,,,,,,,,,,,,,,,,,,,,,,,,,,,
,,,,,,,,,,,,,,,,,,,,,,,,,,,,,,,,,,,,,,,
,,,,,,,,,,,,,,,,,,,,,,,,,,,,,,,,,,,,,,,
,,,,,,,,,,,,,,,,,,,,,,,,,,,,,,,,,,,,,,,
,,,,,,,,,,,,,,,,,,,,,,,,,,,,,,,,,,,,,,,
,,,,,,,,,,,,,,,,,,,,,,,,,,,,,,,,,,,,,,,
,,,,,,,,,,,,,,,,,,,,,,,,,,,,,,,,,,,,,,,
,,,,,,,,,,,,,,,,,,,,,,,,,,,,,,,,,,,,,,,
,,,,,,,,,,,,,,,,,,,,,,,,,,,,,,,,,,,,,,,
,,,,,,,,,,,,,,,,,,,,,,,,,,,,,,,,,,,,,,,
,,,,,,,,,,,,,,,,,,,,,,,,,,,,,,,,,,,,,,,
,,,,,,,,,,,,,,,,,,,,,,,,,,,,,,,,,,,,,,,
,,,,,,,,,,,,,,,,,,,,,,,,,,,,,,,,,,,,,,,
,,,,,,,,,,,,,,,,,,,,,,,,,,,,,,,,,,,,,,,
,,,,,,,,,,,,,,,,,,,,,,,,,,,,,,,,,,,,,,,
,,,,,,,,,,,,,,,,,,,,,,,,,,,,,,,,,,,,,,,
,,,,,,,,,,,,,,,,,,,,,,,,,,,,,,,,,,,,,,,
,,,,,,,,,,,,,,,,,,,,,,,,,,,,,,,,,,,,,,,
,,,,,,,,,,,,,,,,,,,,,,,,,,,,,,,,,,,,,,,
,,,,,,,,,,,,,,,,,,,,,,,,,,,,,,,,,,,,,,,
,,,,,,,,,,,,,,,,,,,,,,,,,,,,,,,,,,,,,,,
,,,,,,,,,,,,,,,,,,,,,,,,,,,,,,,,,,,,,,,
,,,,,,,,,,,,,,,,,,,,,,,,,,,,,,,,,,,,,,,
,,,,,,,,,,,,,,,,,,,,,,,,,,,,,,,,,,,,,,,
,,,,,,,,,,,,,,,,,,,,,,,,,,,,,,,,,,,,,,,
,,,,,,,,,,,,,,,,,,,,,,,,,,,,,,,,,,,,,,,
,,,,,,,,,,,,,,,,,,,,,,,,,,,,,,,,,,,,,,,
,,,,,,,,,,,,,,,,,,,,,,,,,,,,,,,,,,,,,,,
,,,,,,,,,,,,,,,,,,,,,,,,,,,,,,,,,,,,,,,
,,,,,,,,,,,,,,,,,,,,,,,,,,,,,,,,,,,,,,,
,,,,,,,,,,,,,,,,,,,,,,,,,,,,,,,,,,,,,,,
,,,,,,,,,,,,,,,,,,,,,,,,,,,,,,,,,,,,,,,
,,,,,,,,,,,,,,,,,,,,,,,,,,,,,,,,,,,,,,,
,,,,,,,,,,,,,,,,,,,,,,,,,,,,,,,,,,,,,,,
,,,,,,,,,,,,,,,,,,,,,,,,,,,,,,,,,,,,,,,
,,,,,,,,,,,,,,,,,,,,,,,,,,,,,,,,,,,,,,,
,,,,,,,,,,,,,,,,,,,,,,,,,,,,,,,,,,,,,,,
,,,,,,,,,,,,,,,,,,,,,,,,,,,,,,,,,,,,,,,
,,,,,,,,,,,,,,,,,,,,,,,,,,,,,,,,,,,,,,,
,,,,,,,,,,,,,,,,,,,,,,,,,,,,,,,,,,,,,,,
,,,,,,,,,,,,,,,,,,,,,,,,,,,,,,,,,,,,,,,
,,,,,,,,,,,,,,,,,,,,,,,,,,,,,,,,,,,,,,,
,,,,,,,,,,,,,,,,,,,,,,,,,,,,,,,,,,,,,,,
,,,,,,,,,,,,,,,,,,,,,,,,,,,,,,,,,,,,,,,
,,,,,,,,,,,,,,,,,,,,,,,,,,,,,,,,,,,,,,,
,,,,,,,,,,,,,,,,,,,,,,,,,,,,,,,,,,,,,,,
,,,,,,,,,,,,,,,,,,,,,,,,,,,,,,,,,,,,,,,
,,,,,,,,,,,,,,,,,,,,,,,,,,,,,,,,,,,,,,,
,,,,,,,,,,,,,,,,,,,,,,,,,,,,,,,,,,,,,,,
,,,,,,,,,,,,,,,,,,,,,,,,,,,,,,,,,,,,,,,
,,,,,,,,,,,,,,,,,,,,,,,,,,,,,,,,,,,,,,,
,,,,,,,,,,,,,,,,,,,,,,,,,,,,,,,,,,,,,,,
,,,,,,,,,,,,,,,,,,,,,,,,,,,,,,,,,,,,,,,
,,,,,,,,,,,,,,,,,,,,,,,,,,,,,,,,,,,,,,,
,,,,,,,,,,,,,,,,,,,,,,,,,,,,,,,,,,,,,,,
,,,,,,,,,,,,,,,,,,,,,,,,,,,,,,,,,,,,,,,
,,,,,,,,,,,,,,,,,,,,,,,,,,,,,,,,,,,,,,,
,,,,,,,,,,,,,,,,,,,,,,,,,,,,,,,,,,,,,,,
,,,,,,,,,,,,,,,,,,,,,,,,,,,,,,,,,,,,,,,
,,,,,,,,,,,,,,,,,,,,,,,,,,,,,,,,,,,,,,,
,,,,,,,,,,,,,,,,,,,,,,,,,,,,,,,,,,,,,,,
,,,,,,,,,,,,,,,,,,,,,,,,,,,,,,,,,,,,,,,
,,,,,,,,,,,,,,,,,,,,,,,,,,,,,,,,,,,,,,,
,,,,,,,,,,,,,,,,,,,,,,,,,,,,,,,,,,,,,,,
,,,,,,,,,,,,,,,,,,,,,,,,,,,,,,,,,,,,,,,
,,,,,,,,,,,,,,,,,,,,,,,,,,,,,,,,,,,,,,,
,,,,,,,,,,,,,,,,,,,,,,,,,,,,,,,,,,,,,,,
,,,,,,,,,,,,,,,,,,,,,,,,,,,,,,,,,,,,,,,
,,,,,,,,,,,,,,,,,,,,,,,,,,,,,,,,,,,,,,,
,,,,,,,,,,,,,,,,,,,,,,,,,,,,,,,,,,,,,,,
,,,,,,,,,,,,,,,,,,,,,,,,,,,,,,,,,,,,,,,
,,,,,,,,,,,,,,,,,,,,,,,,,,,,,,,,,,,,,,,
,,,,,,,,,,,,,,,,,,,,,,,,,,,,,,,,,,,,,,,
,,,,,,,,,,,,,,,,,,,,,,,,,,,,,,,,,,,,,,,
,,,,,,,,,,,,,,,,,,,,,,,,,,,,,,,,,,,,,,,
,,,,,,,,,,,,,,,,,,,,,,,,,,,,,,,,,,,,,,,
,,,,,,,,,,,,,,,,,,,,,,,,,,,,,,,,,,,,,,,
,,,,,,,,,,,,,,,,,,,,,,,,,,,,,,,,,,,,,,,
,,,,,,,,,,,,,,,,,,,,,,,,,,,,,,,,,,,,,,,
,,,,,,,,,,,,,,,,,,,,,,,,,,,,,,,,,,,,,,,
,,,,,,,,,,,,,,,,,,,,,,,,,,,,,,,,,,,,,,,
,,,,,,,,,,,,,,,,,,,,,,,,,,,,,,,,,,,,,,,
,,,,,,,,,,,,,,,,,,,,,,,,,,,,,,,,,,,,,,,
,,,,,,,,,,,,,,,,,,,,,,,,,,,,,,,,,,,,,,,
,,,,,,,,,,,,,,,,,,,,,,,,,,,,,,,,,,,,,,,
,,,,,,,,,,,,,,,,,,,,,,,,,,,,,,,,,,,,,,,
,,,,,,,,,,,,,,,,,,,,,,,,,,,,,,,,,,,,,,,
,,,,,,,,,,,,,,,,,,,,,,,,,,,,,,,,,,,,,,,
,,,,,,,,,,,,,,,,,,,,,,,,,,,,,,,,,,,,,,,
,,,,,,,,,,,,,,,,,,,,,,,,,,,,,,,,,,,,,,,
,,,,,,,,,,,,,,,,,,,,,,,,,,,,,,,,,,,,,,,
,,,,,,,,,,,,,,,,,,,,,,,,,,,,,,,,,,,,,,,
,,,,,,,,,,,,,,,,,,,,,,,,,,,,,,,,,,,,,,,
,,,,,,,,,,,,,,,,,,,,,,,,,,,,,,,,,,,,,,,
,,,,,,,,,,,,,,,,,,,,,,,,,,,,,,,,,,,,,,,
,,,,,,,,,,,,,,,,,,,,,,,,,,,,,,,,,,,,,,,
,,,,,,,,,,,,,,,,,,,,,,,,,,,,,,,,,,,,,,,
,,,,,,,,,,,,,,,,,,,,,,,,,,,,,,,,,,,,,,,
,,,,,,,,,,,,,,,,,,,,,,,,,,,,,,,,,,,,,,,
,,,,,,,,,,,,,,,,,,,,,,,,,,,,,,,,,,,,,,,
,,,,,,,,,,,,,,,,,,,,,,,,,,,,,,,,,,,,,,,
,,,,,,,,,,,,,,,,,,,,,,,,,,,,,,,,,,,,,,,
,,,,,,,,,,,,,,,,,,,,,,,,,,,,,,,,,,,,,,,
,,,,,,,,,,,,,,,,,,,,,,,,,,,,,,,,,,,,,,,
,,,,,,,,,,,,,,,,,,,,,,,,,,,,,,,,,,,,,,,
,,,,,,,,,,,,,,,,,,,,,,,,,,,,,,,,,,,,,,,
,,,,,,,,,,,,,,,,,,,,,,,,,,,,,,,,,,,,,,,
,,,,,,,,,,,,,,,,,,,,,,,,,,,,,,,,,,,,,,,
,,,,,,,,,,,,,,,,,,,,,,,,,,,,,,,,,,,,,,,
,,,,,,,,,,,,,,,,,,,,,,,,,,,,,,,,,,,,,,,
,,,,,,,,,,,,,,,,,,,,,,,,,,,,,,,,,,,,,,,
,,,,,,,,,,,,,,,,,,,,,,,,,,,,,,,,,,,,,,,
,,,,,,,,,,,,,,,,,,,,,,,,,,,,,,,,,,,,,,,
,,,,,,,,,,,,,,,,,,,,,,,,,,,,,,,,,,,,,,,
,,,,,,,,,,,,,,,,,,,,,,,,,,,,,,,,,,,,,,,
,,,,,,,,,,,,,,,,,,,,,,,,,,,,,,,,,,,,,,,
,,,,,,,,,,,,,,,,,,,,,,,,,,,,,,,,,,,,,,,
,,,,,,,,,,,,,,,,,,,,,,,,,,,,,,,,,,,,,,,
,,,,,,,,,,,,,,,,,,,,,,,,,,,,,,,,,,,,,,,
,,,,,,,,,,,,,,,,,,,,,,,,,,,,,,,,,,,,,,,
,,,,,,,,,,,,,,,,,,,,,,,,,,,,,,,,,,,,,,,
,,,,,,,,,,,,,,,,,,,,,,,,,,,,,,,,,,,,,,,
,,,,,,,,,,,,,,,,,,,,,,,,,,,,,,,,,,,,,,,
,,,,,,,,,,,,,,,,,,,,,,,,,,,,,,,,,,,,,,,
,,,,,,,,,,,,,,,,,,,,,,,,,,,,,,,,,,,,,,,
,,,,,,,,,,,,,,,,,,,,,,,,,,,,,,,,,,,,,,,
,,,,,,,,,,,,,,,,,,,,,,,,,,,,,,,,,,,,,,,
,,,,,,,,,,,,,,,,,,,,,,,,,,,,,,,,,,,,,,,
,,,,,,,,,,,,,,,,,,,,,,,,,,,,,,,,,,,,,,,
,,,,,,,,,,,,,,,,,,,,,,,,,,,,,,,,,,,,,,,
,,,,,,,,,,,,,,,,,,,,,,,,,,,,,,,,,,,,,,,
,,,,,,,,,,,,,,,,,,,,,,,,,,,,,,,,,,,,,,,
,,,,,,,,,,,,,,,,,,,,,,,,,,,,,,,,,,,,,,,
,,,,,,,,,,,,,,,,,,,,,,,,,,,,,,,,,,,,,,,
,,,,,,,,,,,,,,,,,,,,,,,,,,,,,,,,,,,,,,,
,,,,,,,,,,,,,,,,,,,,,,,,,,,,,,,,,,,,,,,
,,,,,,,,,,,,,,,,,,,,,,,,,,,,,,,,,,,,,,,
,,,,,,,,,,,,,,,,,,,,,,,,,,,,,,,,,,,,,,,
,,,,,,,,,,,,,,,,,,,,,,,,,,,,,,,,,,,,,,,
,,,,,,,,,,,,,,,,,,,,,,,,,,,,,,,,,,,,,,,
,,,,,,,,,,,,,,,,,,,,,,,,,,,,,,,,,,,,,,,
,,,,,,,,,,,,,,,,,,,,,,,,,,,,,,,,,,,,,,,
,,,,,,,,,,,,,,,,,,,,,,,,,,,,,,,,,,,,,,,
,,,,,,,,,,,,,,,,,,,,,,,,,,,,,,,,,,,,,,,
,,,,,,,,,,,,,,,,,,,,,,,,,,,,,,,,,,,,,,,
,,,,,,,,,,,,,,,,,,,,,,,,,,,,,,,,,,,,,,,
,,,,,,,,,,,,,,,,,,,,,,,,,,,,,,,,,,,,,,,
,,,,,,,,,,,,,,,,,,,,,,,,,,,,,,,,,,,,,,,
,,,,,,,,,,,,,,,,,,,,,,,,,,,,,,,,,,,,,,,
,,,,,,,,,,,,,,,,,,,,,,,,,,,,,,,,,,,,,,,
,,,,,,,,,,,,,,,,,,,,,,,,,,,,,,,,,,,,,,,
,,,,,,,,,,,,,,,,,,,,,,,,,,,,,,,,,,,,,,,
,,,,,,,,,,,,,,,,,,,,,,,,,,,,,,,,,,,,,,,
,,,,,,,,,,,,,,,,,,,,,,,,,,,,,,,,,,,,,,,
,,,,,,,,,,,,,,,,,,,,,,,,,,,,,,,,,,,,,,,
,,,,,,,,,,,,,,,,,,,,,,,,,,,,,,,,,,,,,,,
,,,,,,,,,,,,,,,,,,,,,,,,,,,,,,,,,,,,,,,
,,,,,,,,,,,,,,,,,,,,,,,,,,,,,,,,,,,,,,,
,,,,,,,,,,,,,,,,,,,,,,,,,,,,,,,,,,,,,,,
,,,,,,,,,,,,,,,,,,,,,,,,,,,,,,,,,,,,,,,
,,,,,,,,,,,,,,,,,,,,,,,,,,,,,,,,,,,,,,,
,,,,,,,,,,,,,,,,,,,,,,,,,,,,,,,,,,,,,,,
,,,,,,,,,,,,,,,,,,,,,,,,,,,,,,,,,,,,,,,
,,,,,,,,,,,,,,,,,,,,,,,,,,,,,,,,,,,,,,,
,,,,,,,,,,,,,,,,,,,,,,,,,,,,,,,,,,,,,,,
,,,,,,,,,,,,,,,,,,,,,,,,,,,,,,,,,,,,,,,
,,,,,,,,,,,,,,,,,,,,,,,,,,,,,,,,,,,,,,,
,,,,,,,,,,,,,,,,,,,,,,,,,,,,,,,,,,,,,,,
,,,,,,,,,,,,,,,,,,,,,,,,,,,,,,,,,,,,,,,
,,,,,,,,,,,,,,,,,,,,,,,,,,,,,,,,,,,,,,,
,,,,,,,,,,,,,,,,,,,,,,,,,,,,,,,,,,,,,,,
,,,,,,,,,,,,,,,,,,,,,,,,,,,,,,,,,,,,,,,
,,,,,,,,,,,,,,,,,,,,,,,,,,,,,,,,,,,,,,,
,,,,,,,,,,,,,,,,,,,,,,,,,,,,,,,,,,,,,,,
,,,,,,,,,,,,,,,,,,,,,,,,,,,,,,,,,,,,,,,
,,,,,,,,,,,,,,,,,,,,,,,,,,,,,,,,,,,,,,,
,,,,,,,,,,,,,,,,,,,,,,,,,,,,,,,,,,,,,,,
,,,,,,,,,,,,,,,,,,,,,,,,,,,,,,,,,,,,,,,
,,,,,,,,,,,,,,,,,,,,,,,,,,,,,,,,,,,,,,,
,,,,,,,,,,,,,,,,,,,,,,,,,,,,,,,,,,,,,,,
,,,,,,,,,,,,,,,,,,,,,,,,,,,,,,,,,,,,,,,
,,,,,,,,,,,,,,,,,,,,,,,,,,,,,,,,,,,,,,,
,,,,,,,,,,,,,,,,,,,,,,,,,,,,,,,,,,,,,,,
,,,,,,,,,,,,,,,,,,,,,,,,,,,,,,,,,,,,,,,
,,,,,,,,,,,,,,,,,,,,,,,,,,,,,,,,,,,,,,,
,,,,,,,,,,,,,,,,,,,,,,,,,,,,,,,,,,,,,,,
,,,,,,,,,,,,,,,,,,,,,,,,,,,,,,,,,,,,,,,
,,,,,,,,,,,,,,,,,,,,,,,,,,,,,,,,,,,,,,,
,,,,,,,,,,,,,,,,,,,,,,,,,,,,,,,,,,,,,,,
,,,,,,,,,,,,,,,,,,,,,,,,,,,,,,,,,,,,,,,
,,,,,,,,,,,,,,,,,,,,,,,,,,,,,,,,,,,,,,,
,,,,,,,,,,,,,,,,,,,,,,,,,,,,,,,,,,,,,,,
,,,,,,,,,,,,,,,,,,,,,,,,,,,,,,,,,,,,,,,
,,,,,,,,,,,,,,,,,,,,,,,,,,,,,,,,,,,,,,,
,,,,,,,,,,,,,,,,,,,,,,,,,,,,,,,,,5844,5849,5853,5861,5861,5862,2jl35oaefvEl0gw5S58cIZzQ4Pu7ua0Ex4$6Ku1uOLGhI4rDWOorX8m9lvXpzmBQHRvsjTwrB1rAIc3c28eKjoFTCYjpfwDUFnnjiKGjAG5uai0vZla0ruPplivv_uwq9Eqh8GJc$LV_sQTc_8wtxNmN4DslJECy3uKqGYZFYP0vSwimxG44Qk$QZPEwMy9NOZgyXqzgcLWJgqkbx6CKWKYpJw75nEUZaYUnvTwzNAeB7ImxzIBXNzmX_IDwXGsD9dyTX0rfPaO6DfCQ9Yfhf5lGApXoEarSNZH4zuyPO0lptS3KbOHgjyTTiHMWwbua3U9X1_HDM63fdm
,,,,,,,,,,,,,,,,,,,,,,,,,,,,,,,,,5853,5853,5853,5853,5856,5856,3XZFkB5N1UcBs7ojpu3cziiU$QlFLUQIOGryFMvj07Sr0W3LDEgtGPsu$c01sTBNa5OODqAgNch6EXbv9wovweRfXAQFPBKFwr4DAd0MddwiHbCsAGbHlouKdZ0TsMClMqfpEJPfqOhSf8WZ6KD2qgxBkFPySgo2AuRe6v_dqZ_0LcHv61$gh1Hi3$w6cOJT7zObOgKxYY1dHWhtg1f9aVJVYZyFeAauiAkbnSO0R2qzlJ5OaMtFLcEtA52X2O0oBBgo_VCeyBYsgEm9hYoCUvgaXfWj0eT6j0L_6MOiQQXFyj5d1n4VtYhS7GpDFaXvQgZXwraKcHwajM
,,,,,,,,,,,,,,,,,,,,,,,,,,,,,,,,,5836,5836,5836,5836,5836,5839,3dnSoVkHzQfAXOVCtgyF3AhvkIXxLSVUqaZD4RszirEDcjb3r141tg8jdTIKJ$ZyLCBVctiPPKg6lNg29tgYVAy0YBU1mx02o15G1IXl0T810TKcZOY4K23g86XG1oHcPQobQ9mn4fGWX8eeE9o7CBPeMK5p0yZklHmqJzOW2x7uUIq16jKSsWWFM9I3OCsJ4dq0mMhg1gV4WHThgzXg3o0425dMvQO4xqWHfOlJCQr5IC50Y8u5TLZTO7OTiiOm$P4eZ2KfFCaT7LgJZoG6AFblKmG3m8thD0gD616cX5cC9WIbpa1KWN84PoWkCXo3M9a86JYRW8KI6n
,,,,,,,,,,,,,,,,,,,,,,,,,,,,,,,,,5833,5833,5833,5833,5833,5833,1FNL4Y6$qGPwQ2dUcEheixUtBi9nYorml_ogiZMW02v2VIFcp8P1KrwXdqgUwqVOmMQ$evA8FUUYLjNfpWk_WgDSPrvAEXeoNeqC0rwZK45CQIVZ2q0DTo3zp1Tzy_GOn1GALkyqlKW4BrjXK9H00tRqe_8_m7SoEFhX_pQEDivYPf9n8pn7uyB3qhimDPGyzsxkoHtagXW2PKB0q7B1VJ3P2BPf7Ss0$V9wV9aNaxMeIZIlb0eQKTC3Kvk6OBlQ_16kFAg0iR9VqhkUDVBTkXFeoLvKK9NPi8L4dXK0wuqZYcu7i5ewduzDT7FmLkLZ72e0jApcyLyHPC
,,,,,,,,,,,,,,,,,,,,,,,,,,,,,,,,,5861,5861,5861,5861,5861,5861,1RMp0qK23ftPW4I4uy2GZA4n2x7myRhxk3_Fk8x1P_E_fzfCxl7DHJGM_f$QtpSUmiWXf9DoAzaDf9TP$89peRAFN7IbTX8jH7Y1nS3hAyKQ$D_jlJyPTmfXR1Hli4uyzK9bynalCMxkWTbC6F9E1QqkJYnrOveTZyLHRrMDr2UKQXW8UkxmKgf8SyaOT6S_Wzfk9NDWE9ZNsksPQlvn5ooOVvgyUQUdQ$evVgX3d4fWKMDreRXF0serWiv7ew$MlAKqy6wCT7ojDdJ1rNU$0lVBYDLZdCZJjphRodWMnn$Biqh9CLrNISmMZtN0pL2XHx54Y2NDZLBftO
,,,,,,,,,,,,,,,,,,,,,,,,,,,,,,,,,5838,5838,5838,5838,5838,5838,21WtBS1gdDE34sZxmRS_gIIJJSIlehMziVqvl1BdtictqxUPXQbGUdPJQ1uLNf0Rd2BsqgcYmS51KzdUdxW4SvokdzxVv73XxgFl9GgBI2dQTj90tjFVK2_w3t5u$_fynPrIbEnhKyxCchBqp6n0bYoiVtEQtf$QyTyUNYKKXMZVkJRkwOpwMi8YvkEMY3tffm8q$ypVb_TVjnxvsDrDRAcPVlobnltMyRzN$eZjdz5pqeOIatSVUu_VFhgFTlDLQPtllQ3$Rv9exz7sykD7$Tc7grhwD1_PJSN3ALDNPqsih5sEspZEtzMYZqklEN_$LxjxxdtLmduNN$
,,,,,,,,,,,,,,,,,,,,,,,,,,,,,,,,,5835,5838,5849,5849,5849,5851,3qvk8kvPnyQlrMzvEafgF3CWmPTEmZP6RQCVKYbWKSiwpNeYcI2rYeb0NrBVAIjJK75kSeIWMcAaJOi9fkj06P2sYqLyugIVQKe2_mBbkL0Yckrg_KEhwaBUJmy6zncuIUV1CWhZs5HM$$8f5cEoOQgAAH_9815$ijiOdsXpGh506yWt_$2Qi4F0CERmzeAgku4Zg$iCYwf0WxFjFf57nnkwbe2JW8qRoxrgd8qT8jqDE5QBuobhAdZfr96$AY21DMLWNkn$nLHdF0XDjTizWm1U2BOsXuh_D$iOkOij3Rsv4kITFjK3DK1$17Izoz8GYxMQCzEFgjYOLk
,,,,,,,,,,,,,,,,,,,,,,,,,,,,,,,,,5847,5847,5849,5857,5857,5857,18Xl6qCEZGxgp4jogViqkV$mRpbnT2lkB6Q7l5TmqB4$oX1ZB_mqibMEuB0kVU5406O5eWbsLu$JJTWlGQaXHykSBKJlNO2hCBxfbGyYt7sBX8oVrELgDsiDXvDm1GvB47Rem0Uvshw9gW4OOuhVmGfvvg4BqnKKlBxt$R7zJZnuidtzSxyPhARwRVXodbxABwM4_bbQVEZjCKOo2VDwzlmLQgVwsdnBAd746q9fuYWGMQhw1ECCoVnooaRbGT1amvGC9E7zRNBh$odqXaZq8MuEhuhv_9r7boLwwCn89kRiBHTntLDBegJILxHXEPINXd5w8TtxCTm7Cg
,,,,,,,,,,,,,,,,,,,,,,,,,,,,,,,,,5846,5846,5846,5846,5846,5846,pknsRQmMA62j2S08fxM7jqgI2uvDJcH0tt2gOnbeb8Ka75znDHx0qY66OWvT5AL95hVOrIGJDULX4SMZVbvMP2$ogIJZTLt0PPlcmziXtMc2zVW1tFFPS82vrRtP3g4nr8OcZnd3locPf5j2xsFk20XKRXqaV4D1cSNeIjDyOCgokMJeaDgaVyWb$RocLRVEvv4EszIUVCntuNljLxx$VmCEXd$wiLXlSnr59DDgFg8oxmUqnLVsWtKoWQxZklnIdsJR$R7zp$s$BrZlyaPdCO_dY3xm9_Jfd_LEnaqqVe5_P$wDIH6$RRWtecNmkylEzjdvLltzaurM$
,,,,,,,,,,,,,,,,,,,,,,,,,,,,,,,,,5860,5860,5860,5860,5869,5869,2EJ0IALMDFoXExyzF8tJo9MwdIkPq9DtaT0BjpccyJGr3NnrOnq0MZh5$u4_lHIgLkbxj47ASclEkrhHbPJ$1g3hwpQHDeSKOdVkOecWEipQ2fkoURb7u9TglFvMAhF2gYtIdanHWhGMH5ayLX1lOgg4jrrB2P9bwEs0xvSNLmJIkcTSRa8cS5TdjcKBpm1KytlOK0Hk2GlYI61x_CDkMakQgYrPOuPgg0ucsfmkq8COOsyIusfyKFKRZmhECpgm3b6AXhkdz7obq7Qh9ChWBsjXZvlA6I6am0Q$AVo2iFmVgQRGmxVSgf4scfnLLaTfYlZ_wlxhr_cKfa
,,,,,,,,,,,,,,,,,,,,,,,,,,,,,,,,,5850,5850,5850,5850,5852,5855,3RiBhNedo5YQUpeBLqh0sXynjw3d7WhKUCtG5ZgHLgos79L9gvfa2l1ZAzEnK1XYy$QkAeA7KaJFZgAJBkdbq4RdPlSV0dSTyUe1rsibdprq20AOZ_QU1FeXDLbc0bu6CZKwj0lmxAUVjkPZMwXGpCFpMNncSqc8rCCCrO1aMIqhp3j$qPMbC0YYzVK3Pj8tGnGva1QWWIXFOXb93G7$KfDTPMmjSPk08$UTi11u2br7oqWdOd4UFoFkzxXxEKpG12cF8Fd7EfJMZU4IqTNGv_aEaTFb11QQwqCAhH8d777YDpIqfqaRSgDOq1gfG5AwUCDefdxN7E6ORY
,,,,,,,,,,,,,,,,,,,,,,,,,,,,,,,,,5815,5815,5815,5815,5815,5815,3lT0ExxWpcSoKsz8doMLddNYcJB3vSEXztjTKA0yfst2_ZRWY5HrHKda74v_viOQTKjZKWK1WFdHOBK_9nHQZ87wNV2mOnGNqCOn2JOjFlhtr0HP0zxCQ43lD_yeV0MPggn78C55Ff$opGn94cJCSu1dZIEYC_CCm6vQcbnvamCYYl2HTm2qBfAAc$5bBhirwm4JgVan2kxkGCT12EZ1gIDPPe7HAra2G42ZMeT5SSW66nDGuv1u7AWj604zO90UE81TXv5gwHkX1fvz8eCIiK2H03GOJs2zIAYDiipYBggLXQLDskYCJmUWDw3aWi1iqv901tHKHg6Z5C
,,,,,,,,,,,,,,,,,,,,,,,,,,,,,,,,,5848,5848,5848,5848,5848,5848,3muSOopktXYScf_89ls6tcDmRIW3y$nj$qHEaxbp0ciXpkz$FGHvgiL2E7E0B6XNOpU6ISHub9uwo82tY8NZPdOeEO7un0QsExOHjD2_ojk3VywsxqD3JGoijOcWscRUhoOXn23JSlPvZ2yY7SuYoDhY4rACNINq5a7nOdn9iGQZRib4Uv9rhCFsQko8MnHbrYcLeKSg81w7L2G1CZqmUK0C7ra8K9AlrC5JkXOdaWyAfJ_COG1UH1a158Gy5SkkYhP721wLOWp11Ngkn8byPM0GcJ1HixcHYtOO6lenryICuT0rLu85cheD0LlhhFcH0zG0OTx5QS5IX8
,,,,,,,,,,,,,,,,,,,,,,,,,,,,,,,,,5843,5843,5843,5843,5843,5843,1kdTyXpWbolelnME4Bnbb4kCI0QCXiGZjHLnyaJaL43L6ZZ8C1oorjemMDse5TVV3EXl48z3yV8xQgmEvr484m4nQArFZD0lacPaUTO8M9GY1WUhl$u3Scmdw0XmOebKOKpZxBN0D6y9qa0b2Xd0Klu_pznxnG5kmh1JdPHuY4QIxpSXjmVrniTcGiCkqvpaumAU$hA27HTjF7KpQvG56TWzVDF2lCnKeZEP8_3faFeL4UPf7pmlABRLLUnai$ffHUPW3xLuRH6$7APXTtplJmbVny1fxKBgIoXkniBxJQ7Iinu7IbLIB9I7KPk7CZjL74_oZ_qCp6JEf_
,,,,,,,,,,,,,,,,,,,,,,,,,,,,,,,,,5845,5846,5847,5847,5848,5849,3vUlsQvZEoWLZ5qTIXiZJM5WGBPowT9YwzrT8WX4H_69L_MMnTcVCv$n1YRbqQJDMPaOu9V0_JDkoiaiVlG2PYaS6OoWTGx4Z0W0fFGQL8hyhqGE4glbGVpEeHpKKS$MpRys28AIKncj8AiBJ0JBa4x2mz1NHQDIGJ5cWAAw6_tKY0OQRUMMbODNCs3nmT0WpcOMIXpSH02K495IweGgoKDAkdhxwm_$SWrG4uX53fo5dY8K2heCzJcIyYwKl8f56FAlAHa9sOoU9H_oOc8KMG5OHrHFX4OK2SJewN15xkCr8XeIeAOjX3H1eK80masbJCQdiWGEmwYIFE
,,,,,,,,,,,,,,,,,,,,,,,,,,,,,,,,,5835,5835,5836,5836,5836,5836,1vL8nl8Ju6_wwbVlVUVNM7Uvb9xy5$QTq_Z3o4jtUgQWW$KA9PxWI_1N$e7eGkRo$pxpe9CHi47EooESb83$SSgf$iRFT2Ohj3Iex4KD10t28jo56blbQcZc80XJ3bhs2idAYOED84RWOBc9Te4u8GG801q7qPJ8WaxsIyt4vI6f$15KW24_miB2xm6K5A2KW7EAivV0HPmJSGVStX1WBOeGdBiWFkmEJCM1a5vppOI_Qcwb296j$GeXIqoM8l5_5HHKgMCSoCs4GEYEM1PK8NeULHK5L7A0xY6xj52TC53DGGm33iYevamyeX58chmRCs3HpQnGCjY859
,,,,,,,,,,,,,,,,,,,,,,,,,,,,,,,,,5852,5852,5852,5852,5852,5852,DnmROBRPxv$4VthjueGDvSWkH1TtuBE1H4s8r6uokO72LXyRSaUnFulJ_6GlReWwDUjjopeH43SYH2nuhfUjyvY3dj89mcqms2sLfmXwf5xc4BPNTJtVhnQEBtKNrQOfa7aLniKWwbvrv_S_0SFCbbT18dfZ9aWxxZ5jE1TxoqJHfxCs_nmO2TFXv3tZmypmITEDRmqT7QKAIKcHS7YpSdyc8iscs$EK7wFAxIhw_pxFIrW7Q3LWLVoBIqYDhLHtP8li_He$gpe2eBxXIK5J1ftcemaT4CMpIgRKv7JaG4yejzW29lQEdm11J75g4VIcgDXFdd5kHcYWi
,,,,,,,,,,,,,,,,,,,,,,,,,,,,,,,,,5823,5823,5823,5823,5823,5823,3x5Oy5h$4E7j3XgDBUuWRdncOG$KVLqFC2ccF6izmhovPjnFrqf5ifYdKIxOCr8NpHCXZ2L5Vi_rvTgiY9o7ImvXVmsE4Jm5hdawL9FVvmtvJLh0N_iWy0VX6fVsyYa6xFtXBRcgq2bX0H0fP4cAXKkC7HccGXtnZWzeW4mSOwJ1DYs8ydXhD$QiMj0Pgnqq2KM260SSQkmO0l3HZUK8j4bFWctrVI1f3Se2tPLibHPR4Z5EOHe49oKEOkOF8E4yek35P3Cbba4BbJ6mFm051bGGP5mKG66KG2WxD1gU0mJ1GfHKe05epa7e9iT3a0AN4daW4gawYWZzGm
,,,,,,,,,,,,,,,,,,,,,,,,,,,,,,,,,5864,5864,5864,5864,5864,5864,15K3x$CVJKuhHidZ9gTZJLTCRFmlsMAKw9_oa_GlHP4PQRApohU5k4ZnN$uYxINoPdnaEZ3tbiPVEJeiHu11DEvtoyhhwylxfANQ$VUPX0OeGK_b8_ir6Ti29lMSw6UTH598NVOl1$_Z_Hc11ybfnk3K55dEtN_S_TWmowHWjoTtHK6ulQbOo92g8SXc7RqoL0Grjcsps2DAbGDm8T4J6E2XfZ8LxRq7ytNKvNjFGKNFho7rgeEAlZ4xutBog0DAWzQWgBrQheO8BYJM1$yLDAXyo2zvq1ZL6_$JlM1E2BgbQlvKhP$LUSL7Ra8yWj2hUG0f8TENOYGI05
,,,,,,,,,,,,,,,,,,,,,,,,,,,,,,,,,5848,5848,5848,5848,5848,5848,2U6eu1Y9yvMS8xndlfEi4TIu3vd7nokqvc7RzH_f6$lv6p$oRGAFnXFsYAmaPTA8hFBS9SM$RtbJuq$JKqufiXme7wr2eSX5EB6YtUiLmzVC$gToFYfBPbp6pzPUGoizqEk2eu4p0cYLssm0en2dLB0RpApzoGXR9Zyd7DF8bG$pwQ2I3QK6U3XSHOOrSJGsLDTSz9HAwrf90eB1_3vX99nq9qo1gvDOQ9GQ8zf1xVA3uUMJv3X0lo_7Ky8G$qXXFGEBz6oAbeEnyYevLM3IY0Lut6_Ony6CD5I4rPuqq9IWKJo50L8XYKfD0JJL1Uu1K26D5MHmsnZW7u
,,,,,,,,,,,,,,,,,,,,,,,,,,,,,,,,,5834,5834,5834,5834,5834,5834,3lBz86av28LsQjsZdfyoxqiAiakQSSEnrYflmUvBPfNVta$1NFS0PiS0PrPkrSTtu4W6sZYzYoKUyxeNaPP0kcwKLuvo23bnFNoRmGrC6wUU1_OFgghzZGr8glguINx69Az_Q9UoHNyy2iAh$JoGuXvA_VyyztCdjCAuJ_YZYx4PMpmPRRXkuwbBWtG$BpnvgwyfxLIvSDpjjCtWgUk2FTVN9CiylaV2vu7l52QiuY$usvxuT4p7FbQ$_rooWpXDInWmxuvcufeJRqjRN$bOfJVWGBhtmVmLy6IChpjybqkEQ_lDlM1Jl9W_V3UidXsGNF_Z4d1xzgxDk
,,,,,,,,,,,,,,,,,,,,,,,,,,,,,,,,,5838,5838,5838,5838,5838,5838,1jGnYepYBICix$_56Zpj99DZOqXCyu_3Khhimp6q7hkfVUDmG7geHoS7v090iNJs_5lHwoyXTOIqB93ZMjuCzjBzGOZE068VbMWky9YZFUvMEmYzesgXIUVbcJmA$ERFERmVq6AqiUB9VxrXJwy01jBUzXlOHx96t_SxQvv8OfxC8Ntg57VKgeiTb0VbU1eWYTZ9yVThPjpR$Z7T3C0TUTVSBBAJ4DDon2dcQByvVC9bPTFESf1LSZGIaUf19m5ObBEQ886EWhXv3MCQeJshdWq8tET6j6vI1efKBzJMw8iDKVPHhgP2VuQju0GE0gMbJreY9ebnvYE4RY
,,,,,,,,,,,,,,,,,,,,,,,,,,,,,,,,,5841,5841,5841,5841,5841,5841,DSmslWVx0$M8twHArlNKx_WffTtKj7XuSczvm_A9QMRWNUtOvaRrjvslDWlsuM8IF9q3qA30QnbgHMF7rrie0n2RHfTMkYv4pWQbDeqvrd5JVKCy5LTo18Wahd4DXFdOqQHwIfA_3CFpvsDHf0mP7_0it5bw308cx6zO8vmryF7RGeIt6q_GzBc6cH9wybwUUW3W6J5$rSrMOH12SQH2EOIjn28b7nl1Q3aCPv0OrrX3WjT7iHU88BPEByJT4_bgH05a2Wp0C39FAd1hWW4aOr698CL82E01HE1mFRg49Q$RRYfXeNTk4ar1ESbX7Awkw8qKD14071K0G
,,,,,,,,,,,,,,,,,,,,,,,,,,,,,,,,,5852,5857,5857,5857,5857,5857,2tzdWW89vskJy8OaGTFm3ipjjtyPji52YGj9QyFH6YcRNp3RfHJHtZ1H714C1qoW0oyytXaB8FZWg$uTKqae30YBc5oshq8JYyPK0c0sMdsGGfTo5bPxcTtrgR74aIzZWUA135MzBKP5z3jXbK2oDkxEHTEB1jiM_6YkOeuGre7bU22T2N4ZY14juGv0O42XWsFkesw4uVnR7uZjcJkq6Q3Ap0Glpsa_m9mNE0I4T5AgJi2FFX39d4tEn7rOMFXLoxHDJ6DsEQ4ci7FpIhP_1AU8I14ep0VGtypPOaq0o8Z3FS2ZjIJs1MWvK$REv0yR2GCZ7eKeDHRbuF
,,,,,,,,,,,,,,,,,,,,,,,,,,,,,,,,,5833,5833,5836,5841,5841,5841,3mwYb4cTQdlVSh5AU3Or$aru$vC1VplKQkPaMC9PG0z4bQ1KW64SYsXvmJb0kI5W96XPoganplT6TeNVREhApPp8Fhb$EcOyQsP_OXQHN0N4$xZNg39Q8YiIZpAK$_dTb4O3zJ0r2Qvy2ruh6VIiRPAv$AUpprEV9xLIgx_0ELQN9mgpv6a2$PWwF46XAi1P0m8xBJCudABxnNwAdOYlvivEWmYQUej5cmymLZqaTG$VER252R6PT4aQdCPUP0eL4VvJ6fb0CUVQ2iS1W3Ev53hV4PSS5EfE95Bx3kc8E8VKSiG4lXT9MqaEC7xSic$T51inl73F0Sczis
,,,,,,,,,,,,,,,,,,,,,,,,,,,,,,,,,5855,5855,5855,5858,5858,5858,2OCdeED4TbciCNgJEPPE8zB5zbv2IaagBLyzJUsDh4pN2ZhZeg6hRrsVovRXyOU01qHE5A3UHCKulSjdsfwhmULjlUQM57HWsvDoME$yvJcxjupRgimDTi3UQb7XYVoc0Tid2pOfDBlJDCuevJRywAkUf4xoIGnwHzSZjvu3U5kSNx$72WoYApPEiJRGb_9yVWp_0ljbfBYFjamRG5WV8LN6WQtq4IBpR3h8YdTm0$BGHwwOgSEGj__yEt4aH3X$UfPvfZAQp3_iHj73oTZ5tLaIh8EEUUTow7QGrOe8kzbdhhoy_BXXoE_T9KTln04smlfnqpvJpMDkUu
,,,,,,,,,,,,,,,,,,,,,,,,,,,,,,,,,5855,5855,5858,5858,5858,5858,ZqOA1dMmGSEYyUOw_bUvX$ApBqvxPM6gdQsu8iVApH$irVS$DYynPsweN$iYg99_Z81sdgEjdv_r9WHNcg1jGtTeWKtIz2THWtxLsMd9tOBVGkgRlZaDwRyJdooyh$zik2iFkpB8E5_8nLdgfdchjVLF48Fub$SQEby1i7DTrfIMq_41YYE8_Qr7W9QEe7jD30t7hDmmFjh_tORy$lBw_mSItnFT_H_d_joPxmrZsxZCApwByZZyZT85MVHcthz_ccx6hkmd$UV0oq9W9qtIDEkVC0Jkjg_7xNPgNtz9OXl7$rgrzRou4_ps_ffVzHsx2igBEtgASvviC
,,,,,,,,,,,,,,,,,,,,,,,,,,,,,,,,,5854,5854,5854,5854,5856,5856,ZZvvRCRcNY9Og6nhbcfwlN_G77zv2UTrm3R0tMOZYC0hj68TZhyLhnYj97PZBkLMQ6SkRBQjdqLAv1Rk5lN39KF2wLx2KV$W8DBJxCTNxJl4M3RMS$zA5DnZyPARJaT3kRtyL0DGkZqAJf7W64x49$phNo35uutrfBULB$6XlWMIeFn19rvDbaNi31aZL4tY4bkWuMrIVwvSQFWqz5RZZzbEWDi$iKrrW1s8VPsPjF$z_m8ZjPU2lKOdwVgqKJ9owRsev0QB52oYQdhS3YPTuADEd7h20MvvF3xrh9aXzBiakP61S9RlgFjT$ZpeYVb1dPzjjhjXsV5Tp
,,,,,,,,,,,,,,,,,,,,,,,,,,,,,,,,,5842,5842,5842,5849,5849,5849,lsEiadNhMid1zQfIqHLg0V49C2PNwsb7K7047m24hmbQA0qeYKkNkJrZon$xp8fYDYNU50sqrJJmFg0VzisNTBp0lIlcGNRmd3LHNzYHY0F0cinpbFRPgfj0TKXyLtLSuhT$UNgSX2kRt6kX02qyoo0xPbMWU8iN71y9d2MngisiXW2RDTRDEhy8GPc$df7E4_KWKbJFzMmW83rxaDoeDJ7jpaIpB4pzrMGVrViyuVCrfWjegQGXtrszAwzCmk_HZKtnLQWY2gN7fjxwXqRwOAuz7CuwCvKHkSzQwb3Wp$KGmQwdnJ4L2zgg918WC7GEum2uqH65sxU$m
